<?xml version="1.0"?>
<regs:peripheral xmlns:regs="http://swtools.freescale.net/XSD/registers/1.0/regsPeripheral.xsd" xmlns:xsi="http://www.w3.org/2001/XMLSchema-instance" xsi:schemaLocation="http://swtools.freescale.net/XSD/registers/1.0/regsPeripheral.xsd http://swtools.freescale.net/XSD/registers/1.0/regsPeripheral.xsd">
  <register offset="0" width="32" name="SC1A" description="ADC Status and Control Registers 1">
    <alias type="CMSIS" value="SC1[0]"/>
    <bit_field offset="0" width="5" name="ADCH" access="RW" reset_value="0x1F" description="Input channel select">
      <alias type="CMSIS" value="ADC_SC1_ADCH(x)"/>
    </bit_field>
    <bit_field offset="5" width="1" name="DIFF" access="RW" reset_value="0" description="Differential Mode Enable">
      <alias type="CMSIS" value="ADC_SC1_DIFF(x)"/>
    </bit_field>
    <bit_field offset="6" width="1" name="AIEN" access="RW" reset_value="0" description="Interrupt Enable">
      <alias type="CMSIS" value="ADC_SC1_AIEN(x)"/>
    </bit_field>
    <bit_field offset="7" width="1" name="COCO" access="RO" reset_value="0" description="Conversion Complete Flag">
      <alias type="CMSIS" value="ADC_SC1_COCO(x)"/>
    </bit_field>
    <reserved_bit_field offset="8" width="24" reset_value="0"/>
  </register>
  <register offset="0x4" width="32" name="SC1B" description="ADC Status and Control Registers 1">
    <alias type="CMSIS" value="SC1[1]"/>
    <bit_field offset="0" width="5" name="ADCH" access="RW" reset_value="0x1F" description="Input channel select">
      <alias type="CMSIS" value="ADC_SC1_ADCH(x)"/>
    </bit_field>
    <bit_field offset="5" width="1" name="DIFF" access="RW" reset_value="0" description="Differential Mode Enable">
      <alias type="CMSIS" value="ADC_SC1_DIFF(x)"/>
    </bit_field>
    <bit_field offset="6" width="1" name="AIEN" access="RW" reset_value="0" description="Interrupt Enable">
      <alias type="CMSIS" value="ADC_SC1_AIEN(x)"/>
    </bit_field>
    <bit_field offset="7" width="1" name="COCO" access="RO" reset_value="0" description="Conversion Complete Flag">
      <alias type="CMSIS" value="ADC_SC1_COCO(x)"/>
    </bit_field>
    <reserved_bit_field offset="8" width="24" reset_value="0"/>
  </register>
  <register offset="0x8" width="32" name="CFG1" description="ADC Configuration Register 1">
    <alias type="CMSIS" value="CFG1"/>
    <bit_field offset="0" width="2" name="ADICLK" access="RW" reset_value="0" description="Input Clock Select">
      <alias type="CMSIS" value="ADC_CFG1_ADICLK(x)"/>
    </bit_field>
    <bit_field offset="2" width="2" name="MODE" access="RW" reset_value="0" description="Conversion mode selection">
      <alias type="CMSIS" value="ADC_CFG1_MODE(x)"/>
    </bit_field>
    <bit_field offset="4" width="1" name="ADLSMP" access="RW" reset_value="0" description="Sample Time Configuration">
      <alias type="CMSIS" value="ADC_CFG1_ADLSMP(x)"/>
    </bit_field>
    <bit_field offset="5" width="2" name="ADIV" access="RW" reset_value="0" description="Clock Divide Select">
      <alias type="CMSIS" value="ADC_CFG1_ADIV(x)"/>
    </bit_field>
    <bit_field offset="7" width="1" name="ADLPC" access="RW" reset_value="0" description="Low-Power Configuration">
      <alias type="CMSIS" value="ADC_CFG1_ADLPC(x)"/>
    </bit_field>
    <reserved_bit_field offset="8" width="24" reset_value="0"/>
  </register>
  <register offset="0xC" width="32" name="CFG2" description="ADC Configuration Register 2">
    <alias type="CMSIS" value="CFG2"/>
    <bit_field offset="0" width="2" name="ADLSTS" access="RW" reset_value="0" description="Long Sample Time Select">
      <alias type="CMSIS" value="ADC_CFG2_ADLSTS(x)"/>
    </bit_field>
    <bit_field offset="2" width="1" name="ADHSC" access="RW" reset_value="0" description="High-Speed Configuration">
      <alias type="CMSIS" value="ADC_CFG2_ADHSC(x)"/>
    </bit_field>
    <bit_field offset="3" width="1" name="ADACKEN" access="RW" reset_value="0" description="Asynchronous Clock Output Enable">
      <alias type="CMSIS" value="ADC_CFG2_ADACKEN(x)"/>
    </bit_field>
    <bit_field offset="4" width="1" name="MUXSEL" access="RW" reset_value="0" description="ADC Mux Select">
      <alias type="CMSIS" value="ADC_CFG2_MUXSEL(x)"/>
    </bit_field>
    <reserved_bit_field offset="5" width="3" reset_value="0"/>
    <reserved_bit_field offset="8" width="24" reset_value="0"/>
  </register>
  <register offset="0x10" width="32" name="RA" description="ADC Data Result Register">
    <alias type="CMSIS" value="R[0]"/>
    <bit_field offset="0" width="16" name="D" access="RO" reset_value="0" description="Data result">
      <alias type="CMSIS" value="ADC_R_D(x)"/>
    </bit_field>
    <reserved_bit_field offset="16" width="16" reset_value="0"/>
  </register>
  <register offset="0x14" width="32" name="RB" description="ADC Data Result Register">
    <alias type="CMSIS" value="R[1]"/>
    <bit_field offset="0" width="16" name="D" access="RO" reset_value="0" description="Data result">
      <alias type="CMSIS" value="ADC_R_D(x)"/>
    </bit_field>
    <reserved_bit_field offset="16" width="16" reset_value="0"/>
  </register>
  <register offset="0x18" width="32" name="CV1" description="Compare Value Registers">
    <alias type="CMSIS" value="CV1"/>
    <bit_field offset="0" width="16" name="CV" access="RW" reset_value="0" description="Compare Value.">
      <alias type="CMSIS" value="ADC_CV1_CV(x)"/>
    </bit_field>
    <reserved_bit_field offset="16" width="16" reset_value="0"/>
  </register>
  <register offset="0x1C" width="32" name="CV2" description="Compare Value Registers">
    <alias type="CMSIS" value="CV2"/>
    <bit_field offset="0" width="16" name="CV" access="RW" reset_value="0" description="Compare Value.">
      <alias type="CMSIS" value="ADC_CV2_CV(x)"/>
    </bit_field>
    <reserved_bit_field offset="16" width="16" reset_value="0"/>
  </register>
  <register offset="0x20" width="32" name="SC2" description="Status and Control Register 2">
    <alias type="CMSIS" value="SC2"/>
    <bit_field offset="0" width="2" name="REFSEL" access="RW" reset_value="0" description="Voltage Reference Selection">
      <alias type="CMSIS" value="ADC_SC2_REFSEL(x)"/>
    </bit_field>
    <bit_field offset="2" width="1" name="DMAEN" access="RW" reset_value="0" description="DMA Enable">
      <alias type="CMSIS" value="ADC_SC2_DMAEN(x)"/>
    </bit_field>
    <bit_field offset="3" width="1" name="ACREN" access="RW" reset_value="0" description="Compare Function Range Enable">
      <alias type="CMSIS" value="ADC_SC2_ACREN(x)"/>
    </bit_field>
    <bit_field offset="4" width="1" name="ACFGT" access="RW" reset_value="0" description="Compare Function Greater Than Enable">
      <alias type="CMSIS" value="ADC_SC2_ACFGT(x)"/>
    </bit_field>
    <bit_field offset="5" width="1" name="ACFE" access="RW" reset_value="0" description="Compare Function Enable">
      <alias type="CMSIS" value="ADC_SC2_ACFE(x)"/>
    </bit_field>
    <bit_field offset="6" width="1" name="ADTRG" access="RW" reset_value="0" description="Conversion Trigger Select">
      <alias type="CMSIS" value="ADC_SC2_ADTRG(x)"/>
    </bit_field>
    <bit_field offset="7" width="1" name="ADACT" access="RO" reset_value="0" description="Conversion Active">
      <alias type="CMSIS" value="ADC_SC2_ADACT(x)"/>
    </bit_field>
    <reserved_bit_field offset="8" width="24" reset_value="0"/>
  </register>
  <register offset="0x24" width="32" name="SC3" description="Status and Control Register 3">
    <alias type="CMSIS" value="SC3"/>
    <bit_field offset="0" width="2" name="AVGS" access="RW" reset_value="0" description="Hardware Average Select">
      <alias type="CMSIS" value="ADC_SC3_AVGS(x)"/>
    </bit_field>
    <bit_field offset="2" width="1" name="AVGE" access="RW" reset_value="0" description="Hardware Average Enable">
      <alias type="CMSIS" value="ADC_SC3_AVGE(x)"/>
    </bit_field>
    <bit_field offset="3" width="1" name="ADCO" access="RW" reset_value="0" description="Continuous Conversion Enable">
      <alias type="CMSIS" value="ADC_SC3_ADCO(x)"/>
    </bit_field>
    <reserved_bit_field offset="4" width="2" reset_value="0"/>
    <bit_field offset="6" width="1" name="CALF" access="W1C" reset_value="0" description="Calibration Failed Flag">
      <alias type="CMSIS" value="ADC_SC3_CALF(x)"/>
    </bit_field>
    <bit_field offset="7" width="1" name="CAL" access="RW" reset_value="0" description="Calibration">
      <alias type="CMSIS" value="ADC_SC3_CAL(x)"/>
    </bit_field>
    <reserved_bit_field offset="8" width="24" reset_value="0"/>
  </register>
  <register offset="0x28" width="32" name="OFS" description="ADC Offset Correction Register">
    <alias type="CMSIS" value="OFS"/>
    <bit_field offset="0" width="16" name="OFS" access="RW" reset_value="0x4" description="Offset Error Correction Value">
      <alias type="CMSIS" value="ADC_OFS_OFS(x)"/>
    </bit_field>
    <reserved_bit_field offset="16" width="16" reset_value="0"/>
  </register>
  <register offset="0x2C" width="32" name="PG" description="ADC Plus-Side Gain Register">
    <alias type="CMSIS" value="PG"/>
    <bit_field offset="0" width="16" name="PG" access="RW" reset_value="0x8200" description="Plus-Side Gain">
      <alias type="CMSIS" value="ADC_PG_PG(x)"/>
    </bit_field>
    <reserved_bit_field offset="16" width="16" reset_value="0"/>
  </register>
  <register offset="0x30" width="32" name="MG" description="ADC Minus-Side Gain Register">
    <alias type="CMSIS" value="MG"/>
    <bit_field offset="0" width="16" name="MG" access="RW" reset_value="0x8200" description="Minus-Side Gain">
      <alias type="CMSIS" value="ADC_MG_MG(x)"/>
    </bit_field>
    <reserved_bit_field offset="16" width="16" reset_value="0"/>
  </register>
  <register offset="0x34" width="32" name="CLPD" description="ADC Plus-Side General Calibration Value Register">
    <alias type="CMSIS" value="CLPD"/>
    <bit_field offset="0" width="6" name="CLPD" access="RW" reset_value="0xA" description="Calibration Value">
      <alias type="CMSIS" value="ADC_CLPD_CLPD(x)"/>
    </bit_field>
    <reserved_bit_field offset="6" width="26" reset_value="0"/>
  </register>
  <register offset="0x38" width="32" name="CLPS" description="ADC Plus-Side General Calibration Value Register">
    <alias type="CMSIS" value="CLPS"/>
    <bit_field offset="0" width="6" name="CLPS" access="RW" reset_value="0x20" description="Calibration Value">
      <alias type="CMSIS" value="ADC_CLPS_CLPS(x)"/>
    </bit_field>
    <reserved_bit_field offset="6" width="26" reset_value="0"/>
  </register>
  <register offset="0x3C" width="32" name="CLP4" description="ADC Plus-Side General Calibration Value Register">
    <alias type="CMSIS" value="CLP4"/>
    <bit_field offset="0" width="10" name="CLP4" access="RW" reset_value="0x200" description="Calibration Value">
      <alias type="CMSIS" value="ADC_CLP4_CLP4(x)"/>
    </bit_field>
    <reserved_bit_field offset="10" width="22" reset_value="0"/>
  </register>
  <register offset="0x40" width="32" name="CLP3" description="ADC Plus-Side General Calibration Value Register">
    <alias type="CMSIS" value="CLP3"/>
    <bit_field offset="0" width="9" name="CLP3" access="RW" reset_value="0x100" description="Calibration Value">
      <alias type="CMSIS" value="ADC_CLP3_CLP3(x)"/>
    </bit_field>
    <reserved_bit_field offset="9" width="23" reset_value="0"/>
  </register>
  <register offset="0x44" width="32" name="CLP2" description="ADC Plus-Side General Calibration Value Register">
    <alias type="CMSIS" value="CLP2"/>
    <bit_field offset="0" width="8" name="CLP2" access="RW" reset_value="0x80" description="Calibration Value">
      <alias type="CMSIS" value="ADC_CLP2_CLP2(x)"/>
    </bit_field>
    <reserved_bit_field offset="8" width="24" reset_value="0"/>
  </register>
  <register offset="0x48" width="32" name="CLP1" description="ADC Plus-Side General Calibration Value Register">
    <alias type="CMSIS" value="CLP1"/>
    <bit_field offset="0" width="7" name="CLP1" access="RW" reset_value="0x40" description="Calibration Value">
      <alias type="CMSIS" value="ADC_CLP1_CLP1(x)"/>
    </bit_field>
    <reserved_bit_field offset="7" width="25" reset_value="0"/>
  </register>
  <register offset="0x4C" width="32" name="CLP0" description="ADC Plus-Side General Calibration Value Register">
    <alias type="CMSIS" value="CLP0"/>
    <bit_field offset="0" width="6" name="CLP0" access="RW" reset_value="0x20" description="Calibration Value">
      <alias type="CMSIS" value="ADC_CLP0_CLP0(x)"/>
    </bit_field>
    <reserved_bit_field offset="6" width="26" reset_value="0"/>
  </register>
  <register offset="0x54" width="32" name="CLMD" description="ADC Minus-Side General Calibration Value Register">
    <alias type="CMSIS" value="CLMD"/>
    <bit_field offset="0" width="6" name="CLMD" access="RW" reset_value="0xA" description="Calibration Value">
      <alias type="CMSIS" value="ADC_CLMD_CLMD(x)"/>
    </bit_field>
    <reserved_bit_field offset="6" width="26" reset_value="0"/>
  </register>
  <register offset="0x58" width="32" name="CLMS" description="ADC Minus-Side General Calibration Value Register">
    <alias type="CMSIS" value="CLMS"/>
    <bit_field offset="0" width="6" name="CLMS" access="RW" reset_value="0x20" description="Calibration Value">
      <alias type="CMSIS" value="ADC_CLMS_CLMS(x)"/>
    </bit_field>
    <reserved_bit_field offset="6" width="26" reset_value="0"/>
  </register>
  <register offset="0x5C" width="32" name="CLM4" description="ADC Minus-Side General Calibration Value Register">
    <alias type="CMSIS" value="CLM4"/>
    <bit_field offset="0" width="10" name="CLM4" access="RW" reset_value="0x200" description="Calibration Value">
      <alias type="CMSIS" value="ADC_CLM4_CLM4(x)"/>
    </bit_field>
    <reserved_bit_field offset="10" width="22" reset_value="0"/>
  </register>
  <register offset="0x60" width="32" name="CLM3" description="ADC Minus-Side General Calibration Value Register">
    <alias type="CMSIS" value="CLM3"/>
    <bit_field offset="0" width="9" name="CLM3" access="RW" reset_value="0x100" description="Calibration Value">
      <alias type="CMSIS" value="ADC_CLM3_CLM3(x)"/>
    </bit_field>
    <reserved_bit_field offset="9" width="23" reset_value="0"/>
  </register>
  <register offset="0x64" width="32" name="CLM2" description="ADC Minus-Side General Calibration Value Register">
    <alias type="CMSIS" value="CLM2"/>
    <bit_field offset="0" width="8" name="CLM2" access="RW" reset_value="0x80" description="Calibration Value">
      <alias type="CMSIS" value="ADC_CLM2_CLM2(x)"/>
    </bit_field>
    <reserved_bit_field offset="8" width="24" reset_value="0"/>
  </register>
  <register offset="0x68" width="32" name="CLM1" description="ADC Minus-Side General Calibration Value Register">
    <alias type="CMSIS" value="CLM1"/>
    <bit_field offset="0" width="7" name="CLM1" access="RW" reset_value="0x40" description="Calibration Value">
      <alias type="CMSIS" value="ADC_CLM1_CLM1(x)"/>
    </bit_field>
    <reserved_bit_field offset="7" width="25" reset_value="0"/>
  </register>
  <register offset="0x6C" width="32" name="CLM0" description="ADC Minus-Side General Calibration Value Register">
    <alias type="CMSIS" value="CLM0"/>
    <bit_field offset="0" width="6" name="CLM0" access="RW" reset_value="0x20" description="Calibration Value">
      <alias type="CMSIS" value="ADC_CLM0_CLM0(x)"/>
    </bit_field>
    <reserved_bit_field offset="6" width="26" reset_value="0"/>
  </register>
</regs:peripheral>