<?xml version="1.0"?>
<regs:peripheral xmlns:regs="http://swtools.freescale.net/XSD/registers/1.0/regsPeripheral.xsd" xmlns:xsi="http://www.w3.org/2001/XMLSchema-instance" xsi:schemaLocation="http://swtools.freescale.net/XSD/registers/1.0/regsPeripheral.xsd http://swtools.freescale.net/XSD/registers/1.0/regsPeripheral.xsd">
  <register offset="0" width="32" name="PRS0" description="Priority Registers Slave">
    <alias type="CMSIS" value="SLAVE[0].PRS"/>
    <bit_field offset="0" width="3" name="M0" access="RW" reset_value="0" description="Master 0 Priority. Sets the arbitration priority for this port on the associated slave port.">
      <alias type="CMSIS" value="AXBS_PRS_M0(x)"/>
    </bit_field>
    <reserved_bit_field offset="3" width="1" reset_value="0"/>
    <bit_field offset="4" width="3" name="M1" access="RW" reset_value="0x1" description="Master 1 Priority. Sets the arbitration priority for this port on the associated slave port.">
      <alias type="CMSIS" value="AXBS_PRS_M1(x)"/>
    </bit_field>
    <reserved_bit_field offset="7" width="1" reset_value="0"/>
    <bit_field offset="8" width="3" name="M2" access="RW" reset_value="0x2" description="Master 2 Priority. Sets the arbitration priority for this port on the associated slave port.">
      <alias type="CMSIS" value="AXBS_PRS_M2(x)"/>
    </bit_field>
    <reserved_bit_field offset="11" width="1" reset_value="0"/>
    <bit_field offset="12" width="3" name="M3" access="RW" reset_value="0x3" description="Master 3 Priority. Sets the arbitration priority for this port on the associated slave port.">
      <alias type="CMSIS" value="AXBS_PRS_M3(x)"/>
    </bit_field>
    <reserved_bit_field offset="15" width="1" reset_value="0"/>
    <bit_field offset="16" width="3" name="M4" access="RW" reset_value="0x4" description="Master 4 Priority. Sets the arbitration priority for this port on the associated slave port.">
      <alias type="CMSIS" value="AXBS_PRS_M4(x)"/>
    </bit_field>
    <reserved_bit_field offset="19" width="1" reset_value="0"/>
    <bit_field offset="20" width="3" name="M5" access="RW" reset_value="0x5" description="Master 5 Priority. Sets the arbitration priority for this port on the associated slave port.">
      <alias type="CMSIS" value="AXBS_PRS_M5(x)"/>
    </bit_field>
    <reserved_bit_field offset="23" width="1" reset_value="0"/>
    <reserved_bit_field offset="24" width="3" reset_value="0"/>
    <reserved_bit_field offset="27" width="1" reset_value="0"/>
    <reserved_bit_field offset="28" width="3" reset_value="0"/>
    <reserved_bit_field offset="31" width="1" reset_value="0"/>
  </register>
  <register offset="0x10" width="32" name="CRS0" description="Control Register">
    <alias type="CMSIS" value="SLAVE[0].CRS"/>
    <bit_field offset="0" width="3" name="PARK" access="RW" reset_value="0" description="Park">
      <alias type="CMSIS" value="AXBS_CRS_PARK(x)"/>
    </bit_field>
    <reserved_bit_field offset="3" width="1" reset_value="0"/>
    <bit_field offset="4" width="2" name="PCTL" access="RW" reset_value="0" description="Parking Control">
      <alias type="CMSIS" value="AXBS_CRS_PCTL(x)"/>
    </bit_field>
    <reserved_bit_field offset="6" width="2" reset_value="0"/>
    <bit_field offset="8" width="2" name="ARB" access="RW" reset_value="0" description="Arbitration Mode">
      <alias type="CMSIS" value="AXBS_CRS_ARB(x)"/>
    </bit_field>
    <reserved_bit_field offset="10" width="20" reset_value="0"/>
    <bit_field offset="30" width="1" name="HLP" access="RW" reset_value="0" description="Halt Low Priority">
      <alias type="CMSIS" value="AXBS_CRS_HLP(x)"/>
    </bit_field>
    <bit_field offset="31" width="1" name="RO" access="RW" reset_value="0" description="Read Only">
      <alias type="CMSIS" value="AXBS_CRS_RO(x)"/>
    </bit_field>
  </register>
  <register offset="0x100" width="32" name="PRS1" description="Priority Registers Slave">
    <alias type="CMSIS" value="SLAVE[1].PRS"/>
    <bit_field offset="0" width="3" name="M0" access="RW" reset_value="0" description="Master 0 Priority. Sets the arbitration priority for this port on the associated slave port.">
      <alias type="CMSIS" value="AXBS_PRS_M0(x)"/>
    </bit_field>
    <reserved_bit_field offset="3" width="1" reset_value="0"/>
    <bit_field offset="4" width="3" name="M1" access="RW" reset_value="0x1" description="Master 1 Priority. Sets the arbitration priority for this port on the associated slave port.">
      <alias type="CMSIS" value="AXBS_PRS_M1(x)"/>
    </bit_field>
    <reserved_bit_field offset="7" width="1" reset_value="0"/>
    <bit_field offset="8" width="3" name="M2" access="RW" reset_value="0x2" description="Master 2 Priority. Sets the arbitration priority for this port on the associated slave port.">
      <alias type="CMSIS" value="AXBS_PRS_M2(x)"/>
    </bit_field>
    <reserved_bit_field offset="11" width="1" reset_value="0"/>
    <bit_field offset="12" width="3" name="M3" access="RW" reset_value="0x3" description="Master 3 Priority. Sets the arbitration priority for this port on the associated slave port.">
      <alias type="CMSIS" value="AXBS_PRS_M3(x)"/>
    </bit_field>
    <reserved_bit_field offset="15" width="1" reset_value="0"/>
    <bit_field offset="16" width="3" name="M4" access="RW" reset_value="0x4" description="Master 4 Priority. Sets the arbitration priority for this port on the associated slave port.">
      <alias type="CMSIS" value="AXBS_PRS_M4(x)"/>
    </bit_field>
    <reserved_bit_field offset="19" width="1" reset_value="0"/>
    <bit_field offset="20" width="3" name="M5" access="RW" reset_value="0x5" description="Master 5 Priority. Sets the arbitration priority for this port on the associated slave port.">
      <alias type="CMSIS" value="AXBS_PRS_M5(x)"/>
    </bit_field>
    <reserved_bit_field offset="23" width="1" reset_value="0"/>
    <reserved_bit_field offset="24" width="3" reset_value="0"/>
    <reserved_bit_field offset="27" width="1" reset_value="0"/>
    <reserved_bit_field offset="28" width="3" reset_value="0"/>
    <reserved_bit_field offset="31" width="1" reset_value="0"/>
  </register>
  <register offset="0x110" width="32" name="CRS1" description="Control Register">
    <alias type="CMSIS" value="SLAVE[1].CRS"/>
    <bit_field offset="0" width="3" name="PARK" access="RW" reset_value="0" description="Park">
      <alias type="CMSIS" value="AXBS_CRS_PARK(x)"/>
    </bit_field>
    <reserved_bit_field offset="3" width="1" reset_value="0"/>
    <bit_field offset="4" width="2" name="PCTL" access="RW" reset_value="0" description="Parking Control">
      <alias type="CMSIS" value="AXBS_CRS_PCTL(x)"/>
    </bit_field>
    <reserved_bit_field offset="6" width="2" reset_value="0"/>
    <bit_field offset="8" width="2" name="ARB" access="RW" reset_value="0" description="Arbitration Mode">
      <alias type="CMSIS" value="AXBS_CRS_ARB(x)"/>
    </bit_field>
    <reserved_bit_field offset="10" width="20" reset_value="0"/>
    <bit_field offset="30" width="1" name="HLP" access="RW" reset_value="0" description="Halt Low Priority">
      <alias type="CMSIS" value="AXBS_CRS_HLP(x)"/>
    </bit_field>
    <bit_field offset="31" width="1" name="RO" access="RW" reset_value="0" description="Read Only">
      <alias type="CMSIS" value="AXBS_CRS_RO(x)"/>
    </bit_field>
  </register>
  <register offset="0x200" width="32" name="PRS2" description="Priority Registers Slave">
    <alias type="CMSIS" value="SLAVE[2].PRS"/>
    <bit_field offset="0" width="3" name="M0" access="RW" reset_value="0" description="Master 0 Priority. Sets the arbitration priority for this port on the associated slave port.">
      <alias type="CMSIS" value="AXBS_PRS_M0(x)"/>
    </bit_field>
    <reserved_bit_field offset="3" width="1" reset_value="0"/>
    <bit_field offset="4" width="3" name="M1" access="RW" reset_value="0x1" description="Master 1 Priority. Sets the arbitration priority for this port on the associated slave port.">
      <alias type="CMSIS" value="AXBS_PRS_M1(x)"/>
    </bit_field>
    <reserved_bit_field offset="7" width="1" reset_value="0"/>
    <bit_field offset="8" width="3" name="M2" access="RW" reset_value="0x2" description="Master 2 Priority. Sets the arbitration priority for this port on the associated slave port.">
      <alias type="CMSIS" value="AXBS_PRS_M2(x)"/>
    </bit_field>
    <reserved_bit_field offset="11" width="1" reset_value="0"/>
    <bit_field offset="12" width="3" name="M3" access="RW" reset_value="0x3" description="Master 3 Priority. Sets the arbitration priority for this port on the associated slave port.">
      <alias type="CMSIS" value="AXBS_PRS_M3(x)"/>
    </bit_field>
    <reserved_bit_field offset="15" width="1" reset_value="0"/>
    <bit_field offset="16" width="3" name="M4" access="RW" reset_value="0x4" description="Master 4 Priority. Sets the arbitration priority for this port on the associated slave port.">
      <alias type="CMSIS" value="AXBS_PRS_M4(x)"/>
    </bit_field>
    <reserved_bit_field offset="19" width="1" reset_value="0"/>
    <bit_field offset="20" width="3" name="M5" access="RW" reset_value="0x5" description="Master 5 Priority. Sets the arbitration priority for this port on the associated slave port.">
      <alias type="CMSIS" value="AXBS_PRS_M5(x)"/>
    </bit_field>
    <reserved_bit_field offset="23" width="1" reset_value="0"/>
    <reserved_bit_field offset="24" width="3" reset_value="0"/>
    <reserved_bit_field offset="27" width="1" reset_value="0"/>
    <reserved_bit_field offset="28" width="3" reset_value="0"/>
    <reserved_bit_field offset="31" width="1" reset_value="0"/>
  </register>
  <register offset="0x210" width="32" name="CRS2" description="Control Register">
    <alias type="CMSIS" value="SLAVE[2].CRS"/>
    <bit_field offset="0" width="3" name="PARK" access="RW" reset_value="0" description="Park">
      <alias type="CMSIS" value="AXBS_CRS_PARK(x)"/>
    </bit_field>
    <reserved_bit_field offset="3" width="1" reset_value="0"/>
    <bit_field offset="4" width="2" name="PCTL" access="RW" reset_value="0" description="Parking Control">
      <alias type="CMSIS" value="AXBS_CRS_PCTL(x)"/>
    </bit_field>
    <reserved_bit_field offset="6" width="2" reset_value="0"/>
    <bit_field offset="8" width="2" name="ARB" access="RW" reset_value="0" description="Arbitration Mode">
      <alias type="CMSIS" value="AXBS_CRS_ARB(x)"/>
    </bit_field>
    <reserved_bit_field offset="10" width="20" reset_value="0"/>
    <bit_field offset="30" width="1" name="HLP" access="RW" reset_value="0" description="Halt Low Priority">
      <alias type="CMSIS" value="AXBS_CRS_HLP(x)"/>
    </bit_field>
    <bit_field offset="31" width="1" name="RO" access="RW" reset_value="0" description="Read Only">
      <alias type="CMSIS" value="AXBS_CRS_RO(x)"/>
    </bit_field>
  </register>
  <register offset="0x300" width="32" name="PRS3" description="Priority Registers Slave">
    <alias type="CMSIS" value="SLAVE[3].PRS"/>
    <bit_field offset="0" width="3" name="M0" access="RW" reset_value="0" description="Master 0 Priority. Sets the arbitration priority for this port on the associated slave port.">
      <alias type="CMSIS" value="AXBS_PRS_M0(x)"/>
    </bit_field>
    <reserved_bit_field offset="3" width="1" reset_value="0"/>
    <bit_field offset="4" width="3" name="M1" access="RW" reset_value="0x1" description="Master 1 Priority. Sets the arbitration priority for this port on the associated slave port.">
      <alias type="CMSIS" value="AXBS_PRS_M1(x)"/>
    </bit_field>
    <reserved_bit_field offset="7" width="1" reset_value="0"/>
    <bit_field offset="8" width="3" name="M2" access="RW" reset_value="0x2" description="Master 2 Priority. Sets the arbitration priority for this port on the associated slave port.">
      <alias type="CMSIS" value="AXBS_PRS_M2(x)"/>
    </bit_field>
    <reserved_bit_field offset="11" width="1" reset_value="0"/>
    <bit_field offset="12" width="3" name="M3" access="RW" reset_value="0x3" description="Master 3 Priority. Sets the arbitration priority for this port on the associated slave port.">
      <alias type="CMSIS" value="AXBS_PRS_M3(x)"/>
    </bit_field>
    <reserved_bit_field offset="15" width="1" reset_value="0"/>
    <bit_field offset="16" width="3" name="M4" access="RW" reset_value="0x4" description="Master 4 Priority. Sets the arbitration priority for this port on the associated slave port.">
      <alias type="CMSIS" value="AXBS_PRS_M4(x)"/>
    </bit_field>
    <reserved_bit_field offset="19" width="1" reset_value="0"/>
    <bit_field offset="20" width="3" name="M5" access="RW" reset_value="0x5" description="Master 5 Priority. Sets the arbitration priority for this port on the associated slave port.">
      <alias type="CMSIS" value="AXBS_PRS_M5(x)"/>
    </bit_field>
    <reserved_bit_field offset="23" width="1" reset_value="0"/>
    <reserved_bit_field offset="24" width="3" reset_value="0"/>
    <reserved_bit_field offset="27" width="1" reset_value="0"/>
    <reserved_bit_field offset="28" width="3" reset_value="0"/>
    <reserved_bit_field offset="31" width="1" reset_value="0"/>
  </register>
  <register offset="0x310" width="32" name="CRS3" description="Control Register">
    <alias type="CMSIS" value="SLAVE[3].CRS"/>
    <bit_field offset="0" width="3" name="PARK" access="RW" reset_value="0" description="Park">
      <alias type="CMSIS" value="AXBS_CRS_PARK(x)"/>
    </bit_field>
    <reserved_bit_field offset="3" width="1" reset_value="0"/>
    <bit_field offset="4" width="2" name="PCTL" access="RW" reset_value="0" description="Parking Control">
      <alias type="CMSIS" value="AXBS_CRS_PCTL(x)"/>
    </bit_field>
    <reserved_bit_field offset="6" width="2" reset_value="0"/>
    <bit_field offset="8" width="2" name="ARB" access="RW" reset_value="0" description="Arbitration Mode">
      <alias type="CMSIS" value="AXBS_CRS_ARB(x)"/>
    </bit_field>
    <reserved_bit_field offset="10" width="20" reset_value="0"/>
    <bit_field offset="30" width="1" name="HLP" access="RW" reset_value="0" description="Halt Low Priority">
      <alias type="CMSIS" value="AXBS_CRS_HLP(x)"/>
    </bit_field>
    <bit_field offset="31" width="1" name="RO" access="RW" reset_value="0" description="Read Only">
      <alias type="CMSIS" value="AXBS_CRS_RO(x)"/>
    </bit_field>
  </register>
  <register offset="0x400" width="32" name="PRS4" description="Priority Registers Slave">
    <alias type="CMSIS" value="SLAVE[4].PRS"/>
    <bit_field offset="0" width="3" name="M0" access="RW" reset_value="0" description="Master 0 Priority. Sets the arbitration priority for this port on the associated slave port.">
      <alias type="CMSIS" value="AXBS_PRS_M0(x)"/>
    </bit_field>
    <reserved_bit_field offset="3" width="1" reset_value="0"/>
    <bit_field offset="4" width="3" name="M1" access="RW" reset_value="0x1" description="Master 1 Priority. Sets the arbitration priority for this port on the associated slave port.">
      <alias type="CMSIS" value="AXBS_PRS_M1(x)"/>
    </bit_field>
    <reserved_bit_field offset="7" width="1" reset_value="0"/>
    <bit_field offset="8" width="3" name="M2" access="RW" reset_value="0x2" description="Master 2 Priority. Sets the arbitration priority for this port on the associated slave port.">
      <alias type="CMSIS" value="AXBS_PRS_M2(x)"/>
    </bit_field>
    <reserved_bit_field offset="11" width="1" reset_value="0"/>
    <bit_field offset="12" width="3" name="M3" access="RW" reset_value="0x3" description="Master 3 Priority. Sets the arbitration priority for this port on the associated slave port.">
      <alias type="CMSIS" value="AXBS_PRS_M3(x)"/>
    </bit_field>
    <reserved_bit_field offset="15" width="1" reset_value="0"/>
    <bit_field offset="16" width="3" name="M4" access="RW" reset_value="0x4" description="Master 4 Priority. Sets the arbitration priority for this port on the associated slave port.">
      <alias type="CMSIS" value="AXBS_PRS_M4(x)"/>
    </bit_field>
    <reserved_bit_field offset="19" width="1" reset_value="0"/>
    <bit_field offset="20" width="3" name="M5" access="RW" reset_value="0x5" description="Master 5 Priority. Sets the arbitration priority for this port on the associated slave port.">
      <alias type="CMSIS" value="AXBS_PRS_M5(x)"/>
    </bit_field>
    <reserved_bit_field offset="23" width="1" reset_value="0"/>
    <reserved_bit_field offset="24" width="3" reset_value="0"/>
    <reserved_bit_field offset="27" width="1" reset_value="0"/>
    <reserved_bit_field offset="28" width="3" reset_value="0"/>
    <reserved_bit_field offset="31" width="1" reset_value="0"/>
  </register>
  <register offset="0x410" width="32" name="CRS4" description="Control Register">
    <alias type="CMSIS" value="SLAVE[4].CRS"/>
    <bit_field offset="0" width="3" name="PARK" access="RW" reset_value="0" description="Park">
      <alias type="CMSIS" value="AXBS_CRS_PARK(x)"/>
    </bit_field>
    <reserved_bit_field offset="3" width="1" reset_value="0"/>
    <bit_field offset="4" width="2" name="PCTL" access="RW" reset_value="0" description="Parking Control">
      <alias type="CMSIS" value="AXBS_CRS_PCTL(x)"/>
    </bit_field>
    <reserved_bit_field offset="6" width="2" reset_value="0"/>
    <bit_field offset="8" width="2" name="ARB" access="RW" reset_value="0" description="Arbitration Mode">
      <alias type="CMSIS" value="AXBS_CRS_ARB(x)"/>
    </bit_field>
    <reserved_bit_field offset="10" width="20" reset_value="0"/>
    <bit_field offset="30" width="1" name="HLP" access="RW" reset_value="0" description="Halt Low Priority">
      <alias type="CMSIS" value="AXBS_CRS_HLP(x)"/>
    </bit_field>
    <bit_field offset="31" width="1" name="RO" access="RW" reset_value="0" description="Read Only">
      <alias type="CMSIS" value="AXBS_CRS_RO(x)"/>
    </bit_field>
  </register>
  <register offset="0x800" width="32" name="MGPCR0" description="Master General Purpose Control Register">
    <alias type="CMSIS" value="MGPCR0"/>
    <bit_field offset="0" width="3" name="AULB" access="RW" reset_value="0" description="Arbitrates On Undefined Length Bursts">
      <alias type="CMSIS" value="AXBS_MGPCR0_AULB(x)"/>
    </bit_field>
    <reserved_bit_field offset="3" width="29" reset_value="0"/>
  </register>
  <register offset="0x900" width="32" name="MGPCR1" description="Master General Purpose Control Register">
    <alias type="CMSIS" value="MGPCR1"/>
    <bit_field offset="0" width="3" name="AULB" access="RW" reset_value="0" description="Arbitrates On Undefined Length Bursts">
      <alias type="CMSIS" value="AXBS_MGPCR1_AULB(x)"/>
    </bit_field>
    <reserved_bit_field offset="3" width="29" reset_value="0"/>
  </register>
  <register offset="0xA00" width="32" name="MGPCR2" description="Master General Purpose Control Register">
    <alias type="CMSIS" value="MGPCR2"/>
    <bit_field offset="0" width="3" name="AULB" access="RW" reset_value="0" description="Arbitrates On Undefined Length Bursts">
      <alias type="CMSIS" value="AXBS_MGPCR2_AULB(x)"/>
    </bit_field>
    <reserved_bit_field offset="3" width="29" reset_value="0"/>
  </register>
  <register offset="0xB00" width="32" name="MGPCR3" description="Master General Purpose Control Register">
    <alias type="CMSIS" value="MGPCR3"/>
    <bit_field offset="0" width="3" name="AULB" access="RW" reset_value="0" description="Arbitrates On Undefined Length Bursts">
      <alias type="CMSIS" value="AXBS_MGPCR3_AULB(x)"/>
    </bit_field>
    <reserved_bit_field offset="3" width="29" reset_value="0"/>
  </register>
  <register offset="0xC00" width="32" name="MGPCR4" description="Master General Purpose Control Register">
    <alias type="CMSIS" value="MGPCR4"/>
    <bit_field offset="0" width="3" name="AULB" access="RW" reset_value="0" description="Arbitrates On Undefined Length Bursts">
      <alias type="CMSIS" value="AXBS_MGPCR4_AULB(x)"/>
    </bit_field>
    <reserved_bit_field offset="3" width="29" reset_value="0"/>
  </register>
  <register offset="0xD00" width="32" name="MGPCR5" description="Master General Purpose Control Register">
    <alias type="CMSIS" value="MGPCR5"/>
    <bit_field offset="0" width="3" name="AULB" access="RW" reset_value="0" description="Arbitrates On Undefined Length Bursts">
      <alias type="CMSIS" value="AXBS_MGPCR5_AULB(x)"/>
    </bit_field>
    <reserved_bit_field offset="3" width="29" reset_value="0"/>
  </register>
</regs:peripheral>