<?xml version="1.0"?>
<regs:peripheral xmlns:regs="http://swtools.freescale.net/XSD/registers/1.0/regsPeripheral.xsd" xmlns:xsi="http://www.w3.org/2001/XMLSchema-instance" xsi:schemaLocation="http://swtools.freescale.net/XSD/registers/1.0/regsPeripheral.xsd http://swtools.freescale.net/XSD/registers/1.0/regsPeripheral.xsd">
  <register offset="0" width="8" name="CR0" description="CMP Control Register 0">
    <alias type="CMSIS" value="CR0"/>
    <bit_field offset="0" width="2" name="HYSTCTR" access="RW" reset_value="0" description="Comparator hard block hysteresis control">
      <alias type="CMSIS" value="CMP_CR0_HYSTCTR(x)"/>
    </bit_field>
    <reserved_bit_field offset="2" width="1" reset_value="0"/>
    <reserved_bit_field offset="3" width="1" reset_value="0"/>
    <bit_field offset="4" width="3" name="FILTER_CNT" access="RW" reset_value="0" description="Filter Sample Count">
      <alias type="CMSIS" value="CMP_CR0_FILTER_CNT(x)"/>
    </bit_field>
    <reserved_bit_field offset="7" width="1" reset_value="0"/>
  </register>
  <register offset="0x1" width="8" name="CR1" description="CMP Control Register 1">
    <alias type="CMSIS" value="CR1"/>
    <bit_field offset="0" width="1" name="EN" access="RW" reset_value="0" description="Comparator Module Enable">
      <alias type="CMSIS" value="CMP_CR1_EN(x)"/>
    </bit_field>
    <bit_field offset="1" width="1" name="OPE" access="RW" reset_value="0" description="Comparator Output Pin Enable">
      <alias type="CMSIS" value="CMP_CR1_OPE(x)"/>
    </bit_field>
    <bit_field offset="2" width="1" name="COS" access="RW" reset_value="0" description="Comparator Output Select">
      <alias type="CMSIS" value="CMP_CR1_COS(x)"/>
    </bit_field>
    <bit_field offset="3" width="1" name="INV" access="RW" reset_value="0" description="Comparator INVERT">
      <alias type="CMSIS" value="CMP_CR1_INV(x)"/>
    </bit_field>
    <bit_field offset="4" width="1" name="PMODE" access="RW" reset_value="0" description="Power Mode Select">
      <alias type="CMSIS" value="CMP_CR1_PMODE(x)"/>
    </bit_field>
    <reserved_bit_field offset="5" width="1" reset_value="0"/>
    <bit_field offset="6" width="1" name="WE" access="RW" reset_value="0" description="Windowing Enable">
      <alias type="CMSIS" value="CMP_CR1_WE(x)"/>
    </bit_field>
    <bit_field offset="7" width="1" name="SE" access="RW" reset_value="0" description="Sample Enable">
      <alias type="CMSIS" value="CMP_CR1_SE(x)"/>
    </bit_field>
  </register>
  <register offset="0x2" width="8" name="FPR" description="CMP Filter Period Register">
    <alias type="CMSIS" value="FPR"/>
    <bit_field offset="0" width="8" name="FILT_PER" access="RW" reset_value="0" description="Filter Sample Period">
      <alias type="CMSIS" value="CMP_FPR_FILT_PER(x)"/>
    </bit_field>
  </register>
  <register offset="0x3" width="8" name="SCR" description="CMP Status and Control Register">
    <alias type="CMSIS" value="SCR"/>
    <bit_field offset="0" width="1" name="COUT" access="RO" reset_value="0" description="Analog Comparator Output">
      <alias type="CMSIS" value="CMP_SCR_COUT(x)"/>
    </bit_field>
    <bit_field offset="1" width="1" name="CFF" access="W1C" reset_value="0" description="Analog Comparator Flag Falling">
      <alias type="CMSIS" value="CMP_SCR_CFF(x)"/>
    </bit_field>
    <bit_field offset="2" width="1" name="CFR" access="W1C" reset_value="0" description="Analog Comparator Flag Rising">
      <alias type="CMSIS" value="CMP_SCR_CFR(x)"/>
    </bit_field>
    <bit_field offset="3" width="1" name="IEF" access="RW" reset_value="0" description="Comparator Interrupt Enable Falling">
      <alias type="CMSIS" value="CMP_SCR_IEF(x)"/>
    </bit_field>
    <bit_field offset="4" width="1" name="IER" access="RW" reset_value="0" description="Comparator Interrupt Enable Rising">
      <alias type="CMSIS" value="CMP_SCR_IER(x)"/>
    </bit_field>
    <reserved_bit_field offset="5" width="1" reset_value="0"/>
    <bit_field offset="6" width="1" name="DMAEN" access="RW" reset_value="0" description="DMA Enable Control">
      <alias type="CMSIS" value="CMP_SCR_DMAEN(x)"/>
    </bit_field>
    <reserved_bit_field offset="7" width="1" reset_value="0"/>
  </register>
  <register offset="0x4" width="8" name="DACCR" description="DAC Control Register">
    <alias type="CMSIS" value="DACCR"/>
    <bit_field offset="0" width="6" name="VOSEL" access="RW" reset_value="0" description="DAC Output Voltage Select">
      <alias type="CMSIS" value="CMP_DACCR_VOSEL(x)"/>
    </bit_field>
    <bit_field offset="6" width="1" name="VRSEL" access="RW" reset_value="0" description="Supply Voltage Reference Source Select">
      <alias type="CMSIS" value="CMP_DACCR_VRSEL(x)"/>
    </bit_field>
    <bit_field offset="7" width="1" name="DACEN" access="RW" reset_value="0" description="DAC Enable">
      <alias type="CMSIS" value="CMP_DACCR_DACEN(x)"/>
    </bit_field>
  </register>
  <register offset="0x5" width="8" name="MUXCR" description="MUX Control Register">
    <alias type="CMSIS" value="MUXCR"/>
    <bit_field offset="0" width="3" name="MSEL" access="RW" reset_value="0" description="Minus Input Mux Control">
      <alias type="CMSIS" value="CMP_MUXCR_MSEL(x)"/>
    </bit_field>
    <bit_field offset="3" width="3" name="PSEL" access="RW" reset_value="0" description="Plus Input Mux Control">
      <alias type="CMSIS" value="CMP_MUXCR_PSEL(x)"/>
    </bit_field>
    <reserved_bit_field offset="6" width="1" reset_value="0"/>
    <bit_field offset="7" width="1" name="PSTM" access="RW" reset_value="0" description="Pass Through Mode Enable">
      <alias type="CMSIS" value="CMP_MUXCR_PSTM(x)"/>
    </bit_field>
  </register>
</regs:peripheral>