<?xml version="1.0"?>
<regs:peripheral xmlns:regs="http://swtools.freescale.net/XSD/registers/1.0/regsPeripheral.xsd" xmlns:xsi="http://www.w3.org/2001/XMLSchema-instance" xsi:schemaLocation="http://swtools.freescale.net/XSD/registers/1.0/regsPeripheral.xsd http://swtools.freescale.net/XSD/registers/1.0/regsPeripheral.xsd">
  <register offset="0" width="32" name="CSAR0" description="Chip Select Address Register">
    <alias type="CMSIS" value="CS[0].CSAR"/>
    <reserved_bit_field offset="0" width="16" reset_value="0"/>
    <bit_field offset="16" width="16" name="BA" access="RW" reset_value="0" description="Base Address">
      <alias type="CMSIS" value="FB_CSAR_BA(x)"/>
    </bit_field>
  </register>
  <register offset="0x4" width="32" name="CSMR0" description="Chip Select Mask Register">
    <alias type="CMSIS" value="CS[0].CSMR"/>
    <bit_field offset="0" width="1" name="V" access="RW" reset_value="0" description="Valid">
      <alias type="CMSIS" value="FB_CSMR_V(x)"/>
    </bit_field>
    <reserved_bit_field offset="1" width="7" reset_value="0"/>
    <bit_field offset="8" width="1" name="WP" access="RW" reset_value="0" description="Write Protect">
      <alias type="CMSIS" value="FB_CSMR_WP(x)"/>
    </bit_field>
    <reserved_bit_field offset="9" width="7" reset_value="0"/>
    <bit_field_array offset="16" width="16" item_width="1" name="BAM" access="RW" reset_value="0" description="Base Address Mask">
      <alias type="CMSIS" value="FB_CSMR_BAM(x)"/>
    </bit_field_array>
  </register>
  <register offset="0x8" width="32" name="CSCR0" description="Chip Select Control Register">
    <alias type="CMSIS" value="CS[0].CSCR"/>
    <reserved_bit_field offset="0" width="3" reset_value="0"/>
    <bit_field offset="3" width="1" name="BSTW" access="RW" reset_value="0" description="Burst-Write Enable">
      <alias type="CMSIS" value="FB_CSCR_BSTW(x)"/>
    </bit_field>
    <bit_field offset="4" width="1" name="BSTR" access="RW" reset_value="0" description="Burst-Read Enable">
      <alias type="CMSIS" value="FB_CSCR_BSTR(x)"/>
    </bit_field>
    <bit_field offset="5" width="1" name="BEM" access="RW" reset_value="0" description="Byte-Enable Mode">
      <alias type="CMSIS" value="FB_CSCR_BEM(x)"/>
    </bit_field>
    <bit_field offset="6" width="2" name="PS" access="RW" reset_value="0" description="Port Size">
      <alias type="CMSIS" value="FB_CSCR_PS(x)"/>
    </bit_field>
    <bit_field offset="8" width="1" name="AA" access="RW" reset_value="0" description="Auto-Acknowledge Enable">
      <alias type="CMSIS" value="FB_CSCR_AA(x)"/>
    </bit_field>
    <bit_field offset="9" width="1" name="BLS" access="RW" reset_value="0" description="Byte-Lane Shift">
      <alias type="CMSIS" value="FB_CSCR_BLS(x)"/>
    </bit_field>
    <bit_field offset="10" width="6" name="WS" access="RW" reset_value="0x3F" description="Wait States">
      <alias type="CMSIS" value="FB_CSCR_WS(x)"/>
    </bit_field>
    <bit_field offset="16" width="2" name="WRAH" access="RW" reset_value="0x3" description="Write Address Hold or Deselect">
      <alias type="CMSIS" value="FB_CSCR_WRAH(x)"/>
    </bit_field>
    <bit_field offset="18" width="2" name="RDAH" access="RW" reset_value="0x3" description="Read Address Hold or Deselect">
      <alias type="CMSIS" value="FB_CSCR_RDAH(x)"/>
    </bit_field>
    <bit_field offset="20" width="2" name="ASET" access="RW" reset_value="0x3" description="Address Setup">
      <alias type="CMSIS" value="FB_CSCR_ASET(x)"/>
    </bit_field>
    <bit_field offset="22" width="1" name="EXTS" access="RW" reset_value="0" description="Extended Transfer Start/Extended Address Latch Enable Controls how long FB_TS /FB_ALE is asserted.">
      <alias type="CMSIS" value="FB_CSCR_EXTS(x)"/>
    </bit_field>
    <bit_field offset="23" width="1" name="SWSEN" access="RW" reset_value="0" description="Secondary Wait State Enable">
      <alias type="CMSIS" value="FB_CSCR_SWSEN(x)"/>
    </bit_field>
    <reserved_bit_field offset="24" width="2" reset_value="0"/>
    <bit_field offset="26" width="6" name="SWS" access="RW" reset_value="0" description="Secondary Wait States">
      <alias type="CMSIS" value="FB_CSCR_SWS(x)"/>
    </bit_field>
  </register>
  <register offset="0xC" width="32" name="CSAR1" description="Chip Select Address Register">
    <alias type="CMSIS" value="CS[1].CSAR"/>
    <reserved_bit_field offset="0" width="16" reset_value="0"/>
    <bit_field offset="16" width="16" name="BA" access="RW" reset_value="0" description="Base Address">
      <alias type="CMSIS" value="FB_CSAR_BA(x)"/>
    </bit_field>
  </register>
  <register offset="0x10" width="32" name="CSMR1" description="Chip Select Mask Register">
    <alias type="CMSIS" value="CS[1].CSMR"/>
    <bit_field offset="0" width="1" name="V" access="RW" reset_value="0" description="Valid">
      <alias type="CMSIS" value="FB_CSMR_V(x)"/>
    </bit_field>
    <reserved_bit_field offset="1" width="7" reset_value="0"/>
    <bit_field offset="8" width="1" name="WP" access="RW" reset_value="0" description="Write Protect">
      <alias type="CMSIS" value="FB_CSMR_WP(x)"/>
    </bit_field>
    <reserved_bit_field offset="9" width="7" reset_value="0"/>
    <bit_field_array offset="16" width="16" item_width="1" name="BAM" access="RW" reset_value="0" description="Base Address Mask">
      <alias type="CMSIS" value="FB_CSMR_BAM(x)"/>
    </bit_field_array>
  </register>
  <register offset="0x14" width="32" name="CSCR1" description="Chip Select Control Register">
    <alias type="CMSIS" value="CS[1].CSCR"/>
    <reserved_bit_field offset="0" width="3" reset_value="0"/>
    <bit_field offset="3" width="1" name="BSTW" access="RW" reset_value="0" description="Burst-Write Enable">
      <alias type="CMSIS" value="FB_CSCR_BSTW(x)"/>
    </bit_field>
    <bit_field offset="4" width="1" name="BSTR" access="RW" reset_value="0" description="Burst-Read Enable">
      <alias type="CMSIS" value="FB_CSCR_BSTR(x)"/>
    </bit_field>
    <bit_field offset="5" width="1" name="BEM" access="RW" reset_value="0" description="Byte-Enable Mode">
      <alias type="CMSIS" value="FB_CSCR_BEM(x)"/>
    </bit_field>
    <bit_field offset="6" width="2" name="PS" access="RW" reset_value="0" description="Port Size">
      <alias type="CMSIS" value="FB_CSCR_PS(x)"/>
    </bit_field>
    <bit_field offset="8" width="1" name="AA" access="RW" reset_value="0" description="Auto-Acknowledge Enable">
      <alias type="CMSIS" value="FB_CSCR_AA(x)"/>
    </bit_field>
    <bit_field offset="9" width="1" name="BLS" access="RW" reset_value="0" description="Byte-Lane Shift">
      <alias type="CMSIS" value="FB_CSCR_BLS(x)"/>
    </bit_field>
    <bit_field offset="10" width="6" name="WS" access="RW" reset_value="0" description="Wait States">
      <alias type="CMSIS" value="FB_CSCR_WS(x)"/>
    </bit_field>
    <bit_field offset="16" width="2" name="WRAH" access="RW" reset_value="0" description="Write Address Hold or Deselect">
      <alias type="CMSIS" value="FB_CSCR_WRAH(x)"/>
    </bit_field>
    <bit_field offset="18" width="2" name="RDAH" access="RW" reset_value="0" description="Read Address Hold or Deselect">
      <alias type="CMSIS" value="FB_CSCR_RDAH(x)"/>
    </bit_field>
    <bit_field offset="20" width="2" name="ASET" access="RW" reset_value="0" description="Address Setup">
      <alias type="CMSIS" value="FB_CSCR_ASET(x)"/>
    </bit_field>
    <bit_field offset="22" width="1" name="EXTS" access="RW" reset_value="0" description="Extended Transfer Start/Extended Address Latch Enable Controls how long FB_TS /FB_ALE is asserted.">
      <alias type="CMSIS" value="FB_CSCR_EXTS(x)"/>
    </bit_field>
    <bit_field offset="23" width="1" name="SWSEN" access="RW" reset_value="0" description="Secondary Wait State Enable">
      <alias type="CMSIS" value="FB_CSCR_SWSEN(x)"/>
    </bit_field>
    <reserved_bit_field offset="24" width="2" reset_value="0"/>
    <bit_field offset="26" width="6" name="SWS" access="RW" reset_value="0" description="Secondary Wait States">
      <alias type="CMSIS" value="FB_CSCR_SWS(x)"/>
    </bit_field>
  </register>
  <register offset="0x18" width="32" name="CSAR2" description="Chip Select Address Register">
    <alias type="CMSIS" value="CS[2].CSAR"/>
    <reserved_bit_field offset="0" width="16" reset_value="0"/>
    <bit_field offset="16" width="16" name="BA" access="RW" reset_value="0" description="Base Address">
      <alias type="CMSIS" value="FB_CSAR_BA(x)"/>
    </bit_field>
  </register>
  <register offset="0x1C" width="32" name="CSMR2" description="Chip Select Mask Register">
    <alias type="CMSIS" value="CS[2].CSMR"/>
    <bit_field offset="0" width="1" name="V" access="RW" reset_value="0" description="Valid">
      <alias type="CMSIS" value="FB_CSMR_V(x)"/>
    </bit_field>
    <reserved_bit_field offset="1" width="7" reset_value="0"/>
    <bit_field offset="8" width="1" name="WP" access="RW" reset_value="0" description="Write Protect">
      <alias type="CMSIS" value="FB_CSMR_WP(x)"/>
    </bit_field>
    <reserved_bit_field offset="9" width="7" reset_value="0"/>
    <bit_field_array offset="16" width="16" item_width="1" name="BAM" access="RW" reset_value="0" description="Base Address Mask">
      <alias type="CMSIS" value="FB_CSMR_BAM(x)"/>
    </bit_field_array>
  </register>
  <register offset="0x20" width="32" name="CSCR2" description="Chip Select Control Register">
    <alias type="CMSIS" value="CS[2].CSCR"/>
    <reserved_bit_field offset="0" width="3" reset_value="0"/>
    <bit_field offset="3" width="1" name="BSTW" access="RW" reset_value="0" description="Burst-Write Enable">
      <alias type="CMSIS" value="FB_CSCR_BSTW(x)"/>
    </bit_field>
    <bit_field offset="4" width="1" name="BSTR" access="RW" reset_value="0" description="Burst-Read Enable">
      <alias type="CMSIS" value="FB_CSCR_BSTR(x)"/>
    </bit_field>
    <bit_field offset="5" width="1" name="BEM" access="RW" reset_value="0" description="Byte-Enable Mode">
      <alias type="CMSIS" value="FB_CSCR_BEM(x)"/>
    </bit_field>
    <bit_field offset="6" width="2" name="PS" access="RW" reset_value="0" description="Port Size">
      <alias type="CMSIS" value="FB_CSCR_PS(x)"/>
    </bit_field>
    <bit_field offset="8" width="1" name="AA" access="RW" reset_value="0" description="Auto-Acknowledge Enable">
      <alias type="CMSIS" value="FB_CSCR_AA(x)"/>
    </bit_field>
    <bit_field offset="9" width="1" name="BLS" access="RW" reset_value="0" description="Byte-Lane Shift">
      <alias type="CMSIS" value="FB_CSCR_BLS(x)"/>
    </bit_field>
    <bit_field offset="10" width="6" name="WS" access="RW" reset_value="0" description="Wait States">
      <alias type="CMSIS" value="FB_CSCR_WS(x)"/>
    </bit_field>
    <bit_field offset="16" width="2" name="WRAH" access="RW" reset_value="0" description="Write Address Hold or Deselect">
      <alias type="CMSIS" value="FB_CSCR_WRAH(x)"/>
    </bit_field>
    <bit_field offset="18" width="2" name="RDAH" access="RW" reset_value="0" description="Read Address Hold or Deselect">
      <alias type="CMSIS" value="FB_CSCR_RDAH(x)"/>
    </bit_field>
    <bit_field offset="20" width="2" name="ASET" access="RW" reset_value="0" description="Address Setup">
      <alias type="CMSIS" value="FB_CSCR_ASET(x)"/>
    </bit_field>
    <bit_field offset="22" width="1" name="EXTS" access="RW" reset_value="0" description="Extended Transfer Start/Extended Address Latch Enable Controls how long FB_TS /FB_ALE is asserted.">
      <alias type="CMSIS" value="FB_CSCR_EXTS(x)"/>
    </bit_field>
    <bit_field offset="23" width="1" name="SWSEN" access="RW" reset_value="0" description="Secondary Wait State Enable">
      <alias type="CMSIS" value="FB_CSCR_SWSEN(x)"/>
    </bit_field>
    <reserved_bit_field offset="24" width="2" reset_value="0"/>
    <bit_field offset="26" width="6" name="SWS" access="RW" reset_value="0" description="Secondary Wait States">
      <alias type="CMSIS" value="FB_CSCR_SWS(x)"/>
    </bit_field>
  </register>
  <register offset="0x24" width="32" name="CSAR3" description="Chip Select Address Register">
    <alias type="CMSIS" value="CS[3].CSAR"/>
    <reserved_bit_field offset="0" width="16" reset_value="0"/>
    <bit_field offset="16" width="16" name="BA" access="RW" reset_value="0" description="Base Address">
      <alias type="CMSIS" value="FB_CSAR_BA(x)"/>
    </bit_field>
  </register>
  <register offset="0x28" width="32" name="CSMR3" description="Chip Select Mask Register">
    <alias type="CMSIS" value="CS[3].CSMR"/>
    <bit_field offset="0" width="1" name="V" access="RW" reset_value="0" description="Valid">
      <alias type="CMSIS" value="FB_CSMR_V(x)"/>
    </bit_field>
    <reserved_bit_field offset="1" width="7" reset_value="0"/>
    <bit_field offset="8" width="1" name="WP" access="RW" reset_value="0" description="Write Protect">
      <alias type="CMSIS" value="FB_CSMR_WP(x)"/>
    </bit_field>
    <reserved_bit_field offset="9" width="7" reset_value="0"/>
    <bit_field_array offset="16" width="16" item_width="1" name="BAM" access="RW" reset_value="0" description="Base Address Mask">
      <alias type="CMSIS" value="FB_CSMR_BAM(x)"/>
    </bit_field_array>
  </register>
  <register offset="0x2C" width="32" name="CSCR3" description="Chip Select Control Register">
    <alias type="CMSIS" value="CS[3].CSCR"/>
    <reserved_bit_field offset="0" width="3" reset_value="0"/>
    <bit_field offset="3" width="1" name="BSTW" access="RW" reset_value="0" description="Burst-Write Enable">
      <alias type="CMSIS" value="FB_CSCR_BSTW(x)"/>
    </bit_field>
    <bit_field offset="4" width="1" name="BSTR" access="RW" reset_value="0" description="Burst-Read Enable">
      <alias type="CMSIS" value="FB_CSCR_BSTR(x)"/>
    </bit_field>
    <bit_field offset="5" width="1" name="BEM" access="RW" reset_value="0" description="Byte-Enable Mode">
      <alias type="CMSIS" value="FB_CSCR_BEM(x)"/>
    </bit_field>
    <bit_field offset="6" width="2" name="PS" access="RW" reset_value="0" description="Port Size">
      <alias type="CMSIS" value="FB_CSCR_PS(x)"/>
    </bit_field>
    <bit_field offset="8" width="1" name="AA" access="RW" reset_value="0" description="Auto-Acknowledge Enable">
      <alias type="CMSIS" value="FB_CSCR_AA(x)"/>
    </bit_field>
    <bit_field offset="9" width="1" name="BLS" access="RW" reset_value="0" description="Byte-Lane Shift">
      <alias type="CMSIS" value="FB_CSCR_BLS(x)"/>
    </bit_field>
    <bit_field offset="10" width="6" name="WS" access="RW" reset_value="0" description="Wait States">
      <alias type="CMSIS" value="FB_CSCR_WS(x)"/>
    </bit_field>
    <bit_field offset="16" width="2" name="WRAH" access="RW" reset_value="0" description="Write Address Hold or Deselect">
      <alias type="CMSIS" value="FB_CSCR_WRAH(x)"/>
    </bit_field>
    <bit_field offset="18" width="2" name="RDAH" access="RW" reset_value="0" description="Read Address Hold or Deselect">
      <alias type="CMSIS" value="FB_CSCR_RDAH(x)"/>
    </bit_field>
    <bit_field offset="20" width="2" name="ASET" access="RW" reset_value="0" description="Address Setup">
      <alias type="CMSIS" value="FB_CSCR_ASET(x)"/>
    </bit_field>
    <bit_field offset="22" width="1" name="EXTS" access="RW" reset_value="0" description="Extended Transfer Start/Extended Address Latch Enable Controls how long FB_TS /FB_ALE is asserted.">
      <alias type="CMSIS" value="FB_CSCR_EXTS(x)"/>
    </bit_field>
    <bit_field offset="23" width="1" name="SWSEN" access="RW" reset_value="0" description="Secondary Wait State Enable">
      <alias type="CMSIS" value="FB_CSCR_SWSEN(x)"/>
    </bit_field>
    <reserved_bit_field offset="24" width="2" reset_value="0"/>
    <bit_field offset="26" width="6" name="SWS" access="RW" reset_value="0" description="Secondary Wait States">
      <alias type="CMSIS" value="FB_CSCR_SWS(x)"/>
    </bit_field>
  </register>
  <register offset="0x30" width="32" name="CSAR4" description="Chip Select Address Register">
    <alias type="CMSIS" value="CS[4].CSAR"/>
    <reserved_bit_field offset="0" width="16" reset_value="0"/>
    <bit_field offset="16" width="16" name="BA" access="RW" reset_value="0" description="Base Address">
      <alias type="CMSIS" value="FB_CSAR_BA(x)"/>
    </bit_field>
  </register>
  <register offset="0x34" width="32" name="CSMR4" description="Chip Select Mask Register">
    <alias type="CMSIS" value="CS[4].CSMR"/>
    <bit_field offset="0" width="1" name="V" access="RW" reset_value="0" description="Valid">
      <alias type="CMSIS" value="FB_CSMR_V(x)"/>
    </bit_field>
    <reserved_bit_field offset="1" width="7" reset_value="0"/>
    <bit_field offset="8" width="1" name="WP" access="RW" reset_value="0" description="Write Protect">
      <alias type="CMSIS" value="FB_CSMR_WP(x)"/>
    </bit_field>
    <reserved_bit_field offset="9" width="7" reset_value="0"/>
    <bit_field_array offset="16" width="16" item_width="1" name="BAM" access="RW" reset_value="0" description="Base Address Mask">
      <alias type="CMSIS" value="FB_CSMR_BAM(x)"/>
    </bit_field_array>
  </register>
  <register offset="0x38" width="32" name="CSCR4" description="Chip Select Control Register">
    <alias type="CMSIS" value="CS[4].CSCR"/>
    <reserved_bit_field offset="0" width="3" reset_value="0"/>
    <bit_field offset="3" width="1" name="BSTW" access="RW" reset_value="0" description="Burst-Write Enable">
      <alias type="CMSIS" value="FB_CSCR_BSTW(x)"/>
    </bit_field>
    <bit_field offset="4" width="1" name="BSTR" access="RW" reset_value="0" description="Burst-Read Enable">
      <alias type="CMSIS" value="FB_CSCR_BSTR(x)"/>
    </bit_field>
    <bit_field offset="5" width="1" name="BEM" access="RW" reset_value="0" description="Byte-Enable Mode">
      <alias type="CMSIS" value="FB_CSCR_BEM(x)"/>
    </bit_field>
    <bit_field offset="6" width="2" name="PS" access="RW" reset_value="0" description="Port Size">
      <alias type="CMSIS" value="FB_CSCR_PS(x)"/>
    </bit_field>
    <bit_field offset="8" width="1" name="AA" access="RW" reset_value="0" description="Auto-Acknowledge Enable">
      <alias type="CMSIS" value="FB_CSCR_AA(x)"/>
    </bit_field>
    <bit_field offset="9" width="1" name="BLS" access="RW" reset_value="0" description="Byte-Lane Shift">
      <alias type="CMSIS" value="FB_CSCR_BLS(x)"/>
    </bit_field>
    <bit_field offset="10" width="6" name="WS" access="RW" reset_value="0" description="Wait States">
      <alias type="CMSIS" value="FB_CSCR_WS(x)"/>
    </bit_field>
    <bit_field offset="16" width="2" name="WRAH" access="RW" reset_value="0" description="Write Address Hold or Deselect">
      <alias type="CMSIS" value="FB_CSCR_WRAH(x)"/>
    </bit_field>
    <bit_field offset="18" width="2" name="RDAH" access="RW" reset_value="0" description="Read Address Hold or Deselect">
      <alias type="CMSIS" value="FB_CSCR_RDAH(x)"/>
    </bit_field>
    <bit_field offset="20" width="2" name="ASET" access="RW" reset_value="0" description="Address Setup">
      <alias type="CMSIS" value="FB_CSCR_ASET(x)"/>
    </bit_field>
    <bit_field offset="22" width="1" name="EXTS" access="RW" reset_value="0" description="Extended Transfer Start/Extended Address Latch Enable Controls how long FB_TS /FB_ALE is asserted.">
      <alias type="CMSIS" value="FB_CSCR_EXTS(x)"/>
    </bit_field>
    <bit_field offset="23" width="1" name="SWSEN" access="RW" reset_value="0" description="Secondary Wait State Enable">
      <alias type="CMSIS" value="FB_CSCR_SWSEN(x)"/>
    </bit_field>
    <reserved_bit_field offset="24" width="2" reset_value="0"/>
    <bit_field offset="26" width="6" name="SWS" access="RW" reset_value="0" description="Secondary Wait States">
      <alias type="CMSIS" value="FB_CSCR_SWS(x)"/>
    </bit_field>
  </register>
  <register offset="0x3C" width="32" name="CSAR5" description="Chip Select Address Register">
    <alias type="CMSIS" value="CS[5].CSAR"/>
    <reserved_bit_field offset="0" width="16" reset_value="0"/>
    <bit_field offset="16" width="16" name="BA" access="RW" reset_value="0" description="Base Address">
      <alias type="CMSIS" value="FB_CSAR_BA(x)"/>
    </bit_field>
  </register>
  <register offset="0x40" width="32" name="CSMR5" description="Chip Select Mask Register">
    <alias type="CMSIS" value="CS[5].CSMR"/>
    <bit_field offset="0" width="1" name="V" access="RW" reset_value="0" description="Valid">
      <alias type="CMSIS" value="FB_CSMR_V(x)"/>
    </bit_field>
    <reserved_bit_field offset="1" width="7" reset_value="0"/>
    <bit_field offset="8" width="1" name="WP" access="RW" reset_value="0" description="Write Protect">
      <alias type="CMSIS" value="FB_CSMR_WP(x)"/>
    </bit_field>
    <reserved_bit_field offset="9" width="7" reset_value="0"/>
    <bit_field_array offset="16" width="16" item_width="1" name="BAM" access="RW" reset_value="0" description="Base Address Mask">
      <alias type="CMSIS" value="FB_CSMR_BAM(x)"/>
    </bit_field_array>
  </register>
  <register offset="0x44" width="32" name="CSCR5" description="Chip Select Control Register">
    <alias type="CMSIS" value="CS[5].CSCR"/>
    <reserved_bit_field offset="0" width="3" reset_value="0"/>
    <bit_field offset="3" width="1" name="BSTW" access="RW" reset_value="0" description="Burst-Write Enable">
      <alias type="CMSIS" value="FB_CSCR_BSTW(x)"/>
    </bit_field>
    <bit_field offset="4" width="1" name="BSTR" access="RW" reset_value="0" description="Burst-Read Enable">
      <alias type="CMSIS" value="FB_CSCR_BSTR(x)"/>
    </bit_field>
    <bit_field offset="5" width="1" name="BEM" access="RW" reset_value="0" description="Byte-Enable Mode">
      <alias type="CMSIS" value="FB_CSCR_BEM(x)"/>
    </bit_field>
    <bit_field offset="6" width="2" name="PS" access="RW" reset_value="0" description="Port Size">
      <alias type="CMSIS" value="FB_CSCR_PS(x)"/>
    </bit_field>
    <bit_field offset="8" width="1" name="AA" access="RW" reset_value="0" description="Auto-Acknowledge Enable">
      <alias type="CMSIS" value="FB_CSCR_AA(x)"/>
    </bit_field>
    <bit_field offset="9" width="1" name="BLS" access="RW" reset_value="0" description="Byte-Lane Shift">
      <alias type="CMSIS" value="FB_CSCR_BLS(x)"/>
    </bit_field>
    <bit_field offset="10" width="6" name="WS" access="RW" reset_value="0" description="Wait States">
      <alias type="CMSIS" value="FB_CSCR_WS(x)"/>
    </bit_field>
    <bit_field offset="16" width="2" name="WRAH" access="RW" reset_value="0" description="Write Address Hold or Deselect">
      <alias type="CMSIS" value="FB_CSCR_WRAH(x)"/>
    </bit_field>
    <bit_field offset="18" width="2" name="RDAH" access="RW" reset_value="0" description="Read Address Hold or Deselect">
      <alias type="CMSIS" value="FB_CSCR_RDAH(x)"/>
    </bit_field>
    <bit_field offset="20" width="2" name="ASET" access="RW" reset_value="0" description="Address Setup">
      <alias type="CMSIS" value="FB_CSCR_ASET(x)"/>
    </bit_field>
    <bit_field offset="22" width="1" name="EXTS" access="RW" reset_value="0" description="Extended Transfer Start/Extended Address Latch Enable Controls how long FB_TS /FB_ALE is asserted.">
      <alias type="CMSIS" value="FB_CSCR_EXTS(x)"/>
    </bit_field>
    <bit_field offset="23" width="1" name="SWSEN" access="RW" reset_value="0" description="Secondary Wait State Enable">
      <alias type="CMSIS" value="FB_CSCR_SWSEN(x)"/>
    </bit_field>
    <reserved_bit_field offset="24" width="2" reset_value="0"/>
    <bit_field offset="26" width="6" name="SWS" access="RW" reset_value="0" description="Secondary Wait States">
      <alias type="CMSIS" value="FB_CSCR_SWS(x)"/>
    </bit_field>
  </register>
  <register offset="0x60" width="32" name="CSPMCR" description="Chip Select port Multiplexing Control Register">
    <alias type="CMSIS" value="CSPMCR"/>
    <reserved_bit_field offset="0" width="12" reset_value="0"/>
    <bit_field offset="12" width="4" name="GROUP5" access="RW" reset_value="0" description="FlexBus Signal Group 5 Multiplex control">
      <alias type="CMSIS" value="FB_CSPMCR_GROUP5(x)"/>
    </bit_field>
    <bit_field offset="16" width="4" name="GROUP4" access="RW" reset_value="0" description="FlexBus Signal Group 4 Multiplex control">
      <alias type="CMSIS" value="FB_CSPMCR_GROUP4(x)"/>
    </bit_field>
    <bit_field offset="20" width="4" name="GROUP3" access="RW" reset_value="0" description="FlexBus Signal Group 3 Multiplex control">
      <alias type="CMSIS" value="FB_CSPMCR_GROUP3(x)"/>
    </bit_field>
    <bit_field offset="24" width="4" name="GROUP2" access="RW" reset_value="0" description="FlexBus Signal Group 2 Multiplex control">
      <alias type="CMSIS" value="FB_CSPMCR_GROUP2(x)"/>
    </bit_field>
    <bit_field offset="28" width="4" name="GROUP1" access="RW" reset_value="0" description="FlexBus Signal Group 1 Multiplex control">
      <alias type="CMSIS" value="FB_CSPMCR_GROUP1(x)"/>
    </bit_field>
  </register>
</regs:peripheral>