<?xml version="1.0"?>
<regs:peripheral xmlns:regs="http://swtools.freescale.net/XSD/registers/1.0/regsPeripheral.xsd" xmlns:xsi="http://www.w3.org/2001/XMLSchema-instance" xsi:schemaLocation="http://swtools.freescale.net/XSD/registers/1.0/regsPeripheral.xsd http://swtools.freescale.net/XSD/registers/1.0/regsPeripheral.xsd">
  <register offset="0" width="8" name="FSTAT" description="Flash Status Register">
    <alias type="CMSIS" value="FSTAT"/>
    <bit_field offset="0" width="1" name="MGSTAT0" access="RO" reset_value="0" description="Memory Controller Command Completion Status Flag">
      <alias type="CMSIS" value="FTFE_FSTAT_MGSTAT0(x)"/>
    </bit_field>
    <reserved_bit_field offset="1" width="3" reset_value="0"/>
    <bit_field offset="4" width="1" name="FPVIOL" access="W1C" reset_value="0" description="Flash Protection Violation Flag">
      <alias type="CMSIS" value="FTFE_FSTAT_FPVIOL(x)"/>
    </bit_field>
    <bit_field offset="5" width="1" name="ACCERR" access="W1C" reset_value="0" description="Flash Access Error Flag">
      <alias type="CMSIS" value="FTFE_FSTAT_ACCERR(x)"/>
    </bit_field>
    <bit_field offset="6" width="1" name="RDCOLERR" access="W1C" reset_value="0" description="FTFE Read Collision Error Flag">
      <alias type="CMSIS" value="FTFE_FSTAT_RDCOLERR(x)"/>
    </bit_field>
    <bit_field offset="7" width="1" name="CCIF" access="W1C" reset_value="0" description="Command Complete Interrupt Flag">
      <alias type="CMSIS" value="FTFE_FSTAT_CCIF(x)"/>
    </bit_field>
  </register>
  <register offset="0x1" width="8" name="FCNFG" description="Flash Configuration Register">
    <alias type="CMSIS" value="FCNFG"/>
    <bit_field offset="0" width="1" name="EEERDY" access="RO" reset_value="0" description="For devices with FlexNVM: This flag indicates if the EEPROM backup data has been copied to the FlexRAM and is therefore available for read access. During the reset sequence, the EEERDY flag remains clear while CCIF=0 and only sets if the FlexNVM block is partitioned for EEPROM. For devices without FlexNVM: This bit is reserved.">
      <alias type="CMSIS" value="FTFE_FCNFG_EEERDY(x)"/>
    </bit_field>
    <bit_field offset="1" width="1" name="RAMRDY" access="RO" reset_value="0" description="RAM Ready">
      <alias type="CMSIS" value="FTFE_FCNFG_RAMRDY(x)"/>
    </bit_field>
    <bit_field offset="2" width="1" name="PFLSH" access="RO" reset_value="0" description="FTFE configuration">
      <alias type="CMSIS" value="FTFE_FCNFG_PFLSH(x)"/>
    </bit_field>
    <bit_field offset="3" width="1" name="SWAP" access="RO" reset_value="0" description="Swap">
      <alias type="CMSIS" value="FTFE_FCNFG_SWAP(x)"/>
    </bit_field>
    <bit_field offset="4" width="1" name="ERSSUSP" access="RW" reset_value="0" description="Erase Suspend">
      <alias type="CMSIS" value="FTFE_FCNFG_ERSSUSP(x)"/>
    </bit_field>
    <bit_field offset="5" width="1" name="ERSAREQ" access="RO" reset_value="0" description="Erase All Request">
      <alias type="CMSIS" value="FTFE_FCNFG_ERSAREQ(x)"/>
    </bit_field>
    <bit_field offset="6" width="1" name="RDCOLLIE" access="RW" reset_value="0" description="Read Collision Error Interrupt Enable">
      <alias type="CMSIS" value="FTFE_FCNFG_RDCOLLIE(x)"/>
    </bit_field>
    <bit_field offset="7" width="1" name="CCIE" access="RW" reset_value="0" description="Command Complete Interrupt Enable">
      <alias type="CMSIS" value="FTFE_FCNFG_CCIE(x)"/>
    </bit_field>
  </register>
  <register offset="0x2" width="8" name="FSEC" description="Flash Security Register">
    <alias type="CMSIS" value="FSEC"/>
    <bit_field offset="0" width="2" name="SEC" access="RO" reset_value="0" reset_mask="0" description="Flash Security">
      <alias type="CMSIS" value="FTFE_FSEC_SEC(x)"/>
    </bit_field>
    <bit_field offset="2" width="2" name="FSLACC" access="RO" reset_value="0" reset_mask="0" description="Freescale Failure Analysis Access Code">
      <alias type="CMSIS" value="FTFE_FSEC_FSLACC(x)"/>
    </bit_field>
    <bit_field offset="4" width="2" name="MEEN" access="RO" reset_value="0" reset_mask="0" description="Mass Erase Enable Bits">
      <alias type="CMSIS" value="FTFE_FSEC_MEEN(x)"/>
    </bit_field>
    <bit_field offset="6" width="2" name="KEYEN" access="RO" reset_value="0" reset_mask="0" description="Backdoor Key Security Enable">
      <alias type="CMSIS" value="FTFE_FSEC_KEYEN(x)"/>
    </bit_field>
  </register>
  <register offset="0x3" width="8" name="FOPT" description="Flash Option Register">
    <alias type="CMSIS" value="FOPT"/>
    <bit_field offset="0" width="8" name="OPT" access="RO" reset_value="0" reset_mask="0" description="Nonvolatile Option">
      <alias type="CMSIS" value="FTFE_FOPT_OPT(x)"/>
    </bit_field>
  </register>
  <register offset="0x4" width="8" name="FCCOB3" description="Flash Common Command Object Registers">
    <alias type="CMSIS" value="FCCOB3"/>
    <bit_field offset="0" width="8" name="CCOBn" access="RW" reset_value="0" description="The FCCOB register provides a command code and relevant parameters to the memory controller. The individual registers that compose the FCCOB data set can be written in any order, but you must provide all needed values, which vary from command to command. First, set up all required FCCOB fields and then initiate the command's execution by writing a 1 to the FSTAT[CCIF] bit. This clears the CCIF bit, which locks all FCCOB parameter fields and they cannot be changed by the user until the command completes (CCIF returns to 1). No command buffering or queueing is provided; the next command can be loaded only after the current command completes. Some commands return information to the FCCOB registers. Any values returned to FCCOB are available for reading after the FSTAT[CCIF] flag returns to 1 by the memory controller. The following table shows a generic FTFE command format. The first FCCOB register, FCCOB0, always contains the command code. This 8-bit value defines the command to be executed. The command code is followed by the parameters required for this specific FTFE command, typically an address and/or data values. The command parameter table is written in terms of FCCOB Number (which is equivalent to the byte number). This number is a reference to the FCCOB register name and is not the register address. FCCOB NumberRefers to FCCOB register name, not register address Typical Command Parameter Contents [7:0] 0 FCMD (a code that defines the FTFE command) 1 Flash address [23:16] 2 Flash address [15:8] 3 Flash address [7:0] 4 Data Byte 0 5 Data Byte 1 6 Data Byte 2 7 Data Byte 3 8 Data Byte 4 9 Data Byte 5 A Data Byte 6 B Data Byte 7 FCCOB Endianness and Multi-Byte Access: The FCCOB register group uses a big endian addressing convention. For all command parameter fields larger than 1 byte, the most significant data resides in the lowest FCCOB register number. The FCCOB register group may be read and written as individual bytes, aligned words (2 bytes) or aligned longwords (4 bytes).">
      <alias type="CMSIS" value="FTFE_FCCOB3_CCOBn(x)"/>
    </bit_field>
  </register>
  <register offset="0x5" width="8" name="FCCOB2" description="Flash Common Command Object Registers">
    <alias type="CMSIS" value="FCCOB2"/>
    <bit_field offset="0" width="8" name="CCOBn" access="RW" reset_value="0" description="The FCCOB register provides a command code and relevant parameters to the memory controller. The individual registers that compose the FCCOB data set can be written in any order, but you must provide all needed values, which vary from command to command. First, set up all required FCCOB fields and then initiate the command's execution by writing a 1 to the FSTAT[CCIF] bit. This clears the CCIF bit, which locks all FCCOB parameter fields and they cannot be changed by the user until the command completes (CCIF returns to 1). No command buffering or queueing is provided; the next command can be loaded only after the current command completes. Some commands return information to the FCCOB registers. Any values returned to FCCOB are available for reading after the FSTAT[CCIF] flag returns to 1 by the memory controller. The following table shows a generic FTFE command format. The first FCCOB register, FCCOB0, always contains the command code. This 8-bit value defines the command to be executed. The command code is followed by the parameters required for this specific FTFE command, typically an address and/or data values. The command parameter table is written in terms of FCCOB Number (which is equivalent to the byte number). This number is a reference to the FCCOB register name and is not the register address. FCCOB NumberRefers to FCCOB register name, not register address Typical Command Parameter Contents [7:0] 0 FCMD (a code that defines the FTFE command) 1 Flash address [23:16] 2 Flash address [15:8] 3 Flash address [7:0] 4 Data Byte 0 5 Data Byte 1 6 Data Byte 2 7 Data Byte 3 8 Data Byte 4 9 Data Byte 5 A Data Byte 6 B Data Byte 7 FCCOB Endianness and Multi-Byte Access: The FCCOB register group uses a big endian addressing convention. For all command parameter fields larger than 1 byte, the most significant data resides in the lowest FCCOB register number. The FCCOB register group may be read and written as individual bytes, aligned words (2 bytes) or aligned longwords (4 bytes).">
      <alias type="CMSIS" value="FTFE_FCCOB2_CCOBn(x)"/>
    </bit_field>
  </register>
  <register offset="0x6" width="8" name="FCCOB1" description="Flash Common Command Object Registers">
    <alias type="CMSIS" value="FCCOB1"/>
    <bit_field offset="0" width="8" name="CCOBn" access="RW" reset_value="0" description="The FCCOB register provides a command code and relevant parameters to the memory controller. The individual registers that compose the FCCOB data set can be written in any order, but you must provide all needed values, which vary from command to command. First, set up all required FCCOB fields and then initiate the command's execution by writing a 1 to the FSTAT[CCIF] bit. This clears the CCIF bit, which locks all FCCOB parameter fields and they cannot be changed by the user until the command completes (CCIF returns to 1). No command buffering or queueing is provided; the next command can be loaded only after the current command completes. Some commands return information to the FCCOB registers. Any values returned to FCCOB are available for reading after the FSTAT[CCIF] flag returns to 1 by the memory controller. The following table shows a generic FTFE command format. The first FCCOB register, FCCOB0, always contains the command code. This 8-bit value defines the command to be executed. The command code is followed by the parameters required for this specific FTFE command, typically an address and/or data values. The command parameter table is written in terms of FCCOB Number (which is equivalent to the byte number). This number is a reference to the FCCOB register name and is not the register address. FCCOB NumberRefers to FCCOB register name, not register address Typical Command Parameter Contents [7:0] 0 FCMD (a code that defines the FTFE command) 1 Flash address [23:16] 2 Flash address [15:8] 3 Flash address [7:0] 4 Data Byte 0 5 Data Byte 1 6 Data Byte 2 7 Data Byte 3 8 Data Byte 4 9 Data Byte 5 A Data Byte 6 B Data Byte 7 FCCOB Endianness and Multi-Byte Access: The FCCOB register group uses a big endian addressing convention. For all command parameter fields larger than 1 byte, the most significant data resides in the lowest FCCOB register number. The FCCOB register group may be read and written as individual bytes, aligned words (2 bytes) or aligned longwords (4 bytes).">
      <alias type="CMSIS" value="FTFE_FCCOB1_CCOBn(x)"/>
    </bit_field>
  </register>
  <register offset="0x7" width="8" name="FCCOB0" description="Flash Common Command Object Registers">
    <alias type="CMSIS" value="FCCOB0"/>
    <bit_field offset="0" width="8" name="CCOBn" access="RW" reset_value="0" description="The FCCOB register provides a command code and relevant parameters to the memory controller. The individual registers that compose the FCCOB data set can be written in any order, but you must provide all needed values, which vary from command to command. First, set up all required FCCOB fields and then initiate the command's execution by writing a 1 to the FSTAT[CCIF] bit. This clears the CCIF bit, which locks all FCCOB parameter fields and they cannot be changed by the user until the command completes (CCIF returns to 1). No command buffering or queueing is provided; the next command can be loaded only after the current command completes. Some commands return information to the FCCOB registers. Any values returned to FCCOB are available for reading after the FSTAT[CCIF] flag returns to 1 by the memory controller. The following table shows a generic FTFE command format. The first FCCOB register, FCCOB0, always contains the command code. This 8-bit value defines the command to be executed. The command code is followed by the parameters required for this specific FTFE command, typically an address and/or data values. The command parameter table is written in terms of FCCOB Number (which is equivalent to the byte number). This number is a reference to the FCCOB register name and is not the register address. FCCOB NumberRefers to FCCOB register name, not register address Typical Command Parameter Contents [7:0] 0 FCMD (a code that defines the FTFE command) 1 Flash address [23:16] 2 Flash address [15:8] 3 Flash address [7:0] 4 Data Byte 0 5 Data Byte 1 6 Data Byte 2 7 Data Byte 3 8 Data Byte 4 9 Data Byte 5 A Data Byte 6 B Data Byte 7 FCCOB Endianness and Multi-Byte Access: The FCCOB register group uses a big endian addressing convention. For all command parameter fields larger than 1 byte, the most significant data resides in the lowest FCCOB register number. The FCCOB register group may be read and written as individual bytes, aligned words (2 bytes) or aligned longwords (4 bytes).">
      <alias type="CMSIS" value="FTFE_FCCOB0_CCOBn(x)"/>
    </bit_field>
  </register>
  <register offset="0x8" width="8" name="FCCOB7" description="Flash Common Command Object Registers">
    <alias type="CMSIS" value="FCCOB7"/>
    <bit_field offset="0" width="8" name="CCOBn" access="RW" reset_value="0" description="The FCCOB register provides a command code and relevant parameters to the memory controller. The individual registers that compose the FCCOB data set can be written in any order, but you must provide all needed values, which vary from command to command. First, set up all required FCCOB fields and then initiate the command's execution by writing a 1 to the FSTAT[CCIF] bit. This clears the CCIF bit, which locks all FCCOB parameter fields and they cannot be changed by the user until the command completes (CCIF returns to 1). No command buffering or queueing is provided; the next command can be loaded only after the current command completes. Some commands return information to the FCCOB registers. Any values returned to FCCOB are available for reading after the FSTAT[CCIF] flag returns to 1 by the memory controller. The following table shows a generic FTFE command format. The first FCCOB register, FCCOB0, always contains the command code. This 8-bit value defines the command to be executed. The command code is followed by the parameters required for this specific FTFE command, typically an address and/or data values. The command parameter table is written in terms of FCCOB Number (which is equivalent to the byte number). This number is a reference to the FCCOB register name and is not the register address. FCCOB NumberRefers to FCCOB register name, not register address Typical Command Parameter Contents [7:0] 0 FCMD (a code that defines the FTFE command) 1 Flash address [23:16] 2 Flash address [15:8] 3 Flash address [7:0] 4 Data Byte 0 5 Data Byte 1 6 Data Byte 2 7 Data Byte 3 8 Data Byte 4 9 Data Byte 5 A Data Byte 6 B Data Byte 7 FCCOB Endianness and Multi-Byte Access: The FCCOB register group uses a big endian addressing convention. For all command parameter fields larger than 1 byte, the most significant data resides in the lowest FCCOB register number. The FCCOB register group may be read and written as individual bytes, aligned words (2 bytes) or aligned longwords (4 bytes).">
      <alias type="CMSIS" value="FTFE_FCCOB7_CCOBn(x)"/>
    </bit_field>
  </register>
  <register offset="0x9" width="8" name="FCCOB6" description="Flash Common Command Object Registers">
    <alias type="CMSIS" value="FCCOB6"/>
    <bit_field offset="0" width="8" name="CCOBn" access="RW" reset_value="0" description="The FCCOB register provides a command code and relevant parameters to the memory controller. The individual registers that compose the FCCOB data set can be written in any order, but you must provide all needed values, which vary from command to command. First, set up all required FCCOB fields and then initiate the command's execution by writing a 1 to the FSTAT[CCIF] bit. This clears the CCIF bit, which locks all FCCOB parameter fields and they cannot be changed by the user until the command completes (CCIF returns to 1). No command buffering or queueing is provided; the next command can be loaded only after the current command completes. Some commands return information to the FCCOB registers. Any values returned to FCCOB are available for reading after the FSTAT[CCIF] flag returns to 1 by the memory controller. The following table shows a generic FTFE command format. The first FCCOB register, FCCOB0, always contains the command code. This 8-bit value defines the command to be executed. The command code is followed by the parameters required for this specific FTFE command, typically an address and/or data values. The command parameter table is written in terms of FCCOB Number (which is equivalent to the byte number). This number is a reference to the FCCOB register name and is not the register address. FCCOB NumberRefers to FCCOB register name, not register address Typical Command Parameter Contents [7:0] 0 FCMD (a code that defines the FTFE command) 1 Flash address [23:16] 2 Flash address [15:8] 3 Flash address [7:0] 4 Data Byte 0 5 Data Byte 1 6 Data Byte 2 7 Data Byte 3 8 Data Byte 4 9 Data Byte 5 A Data Byte 6 B Data Byte 7 FCCOB Endianness and Multi-Byte Access: The FCCOB register group uses a big endian addressing convention. For all command parameter fields larger than 1 byte, the most significant data resides in the lowest FCCOB register number. The FCCOB register group may be read and written as individual bytes, aligned words (2 bytes) or aligned longwords (4 bytes).">
      <alias type="CMSIS" value="FTFE_FCCOB6_CCOBn(x)"/>
    </bit_field>
  </register>
  <register offset="0xA" width="8" name="FCCOB5" description="Flash Common Command Object Registers">
    <alias type="CMSIS" value="FCCOB5"/>
    <bit_field offset="0" width="8" name="CCOBn" access="RW" reset_value="0" description="The FCCOB register provides a command code and relevant parameters to the memory controller. The individual registers that compose the FCCOB data set can be written in any order, but you must provide all needed values, which vary from command to command. First, set up all required FCCOB fields and then initiate the command's execution by writing a 1 to the FSTAT[CCIF] bit. This clears the CCIF bit, which locks all FCCOB parameter fields and they cannot be changed by the user until the command completes (CCIF returns to 1). No command buffering or queueing is provided; the next command can be loaded only after the current command completes. Some commands return information to the FCCOB registers. Any values returned to FCCOB are available for reading after the FSTAT[CCIF] flag returns to 1 by the memory controller. The following table shows a generic FTFE command format. The first FCCOB register, FCCOB0, always contains the command code. This 8-bit value defines the command to be executed. The command code is followed by the parameters required for this specific FTFE command, typically an address and/or data values. The command parameter table is written in terms of FCCOB Number (which is equivalent to the byte number). This number is a reference to the FCCOB register name and is not the register address. FCCOB NumberRefers to FCCOB register name, not register address Typical Command Parameter Contents [7:0] 0 FCMD (a code that defines the FTFE command) 1 Flash address [23:16] 2 Flash address [15:8] 3 Flash address [7:0] 4 Data Byte 0 5 Data Byte 1 6 Data Byte 2 7 Data Byte 3 8 Data Byte 4 9 Data Byte 5 A Data Byte 6 B Data Byte 7 FCCOB Endianness and Multi-Byte Access: The FCCOB register group uses a big endian addressing convention. For all command parameter fields larger than 1 byte, the most significant data resides in the lowest FCCOB register number. The FCCOB register group may be read and written as individual bytes, aligned words (2 bytes) or aligned longwords (4 bytes).">
      <alias type="CMSIS" value="FTFE_FCCOB5_CCOBn(x)"/>
    </bit_field>
  </register>
  <register offset="0xB" width="8" name="FCCOB4" description="Flash Common Command Object Registers">
    <alias type="CMSIS" value="FCCOB4"/>
    <bit_field offset="0" width="8" name="CCOBn" access="RW" reset_value="0" description="The FCCOB register provides a command code and relevant parameters to the memory controller. The individual registers that compose the FCCOB data set can be written in any order, but you must provide all needed values, which vary from command to command. First, set up all required FCCOB fields and then initiate the command's execution by writing a 1 to the FSTAT[CCIF] bit. This clears the CCIF bit, which locks all FCCOB parameter fields and they cannot be changed by the user until the command completes (CCIF returns to 1). No command buffering or queueing is provided; the next command can be loaded only after the current command completes. Some commands return information to the FCCOB registers. Any values returned to FCCOB are available for reading after the FSTAT[CCIF] flag returns to 1 by the memory controller. The following table shows a generic FTFE command format. The first FCCOB register, FCCOB0, always contains the command code. This 8-bit value defines the command to be executed. The command code is followed by the parameters required for this specific FTFE command, typically an address and/or data values. The command parameter table is written in terms of FCCOB Number (which is equivalent to the byte number). This number is a reference to the FCCOB register name and is not the register address. FCCOB NumberRefers to FCCOB register name, not register address Typical Command Parameter Contents [7:0] 0 FCMD (a code that defines the FTFE command) 1 Flash address [23:16] 2 Flash address [15:8] 3 Flash address [7:0] 4 Data Byte 0 5 Data Byte 1 6 Data Byte 2 7 Data Byte 3 8 Data Byte 4 9 Data Byte 5 A Data Byte 6 B Data Byte 7 FCCOB Endianness and Multi-Byte Access: The FCCOB register group uses a big endian addressing convention. For all command parameter fields larger than 1 byte, the most significant data resides in the lowest FCCOB register number. The FCCOB register group may be read and written as individual bytes, aligned words (2 bytes) or aligned longwords (4 bytes).">
      <alias type="CMSIS" value="FTFE_FCCOB4_CCOBn(x)"/>
    </bit_field>
  </register>
  <register offset="0xC" width="8" name="FCCOBB" description="Flash Common Command Object Registers">
    <alias type="CMSIS" value="FCCOBB"/>
    <bit_field offset="0" width="8" name="CCOBn" access="RW" reset_value="0" description="The FCCOB register provides a command code and relevant parameters to the memory controller. The individual registers that compose the FCCOB data set can be written in any order, but you must provide all needed values, which vary from command to command. First, set up all required FCCOB fields and then initiate the command's execution by writing a 1 to the FSTAT[CCIF] bit. This clears the CCIF bit, which locks all FCCOB parameter fields and they cannot be changed by the user until the command completes (CCIF returns to 1). No command buffering or queueing is provided; the next command can be loaded only after the current command completes. Some commands return information to the FCCOB registers. Any values returned to FCCOB are available for reading after the FSTAT[CCIF] flag returns to 1 by the memory controller. The following table shows a generic FTFE command format. The first FCCOB register, FCCOB0, always contains the command code. This 8-bit value defines the command to be executed. The command code is followed by the parameters required for this specific FTFE command, typically an address and/or data values. The command parameter table is written in terms of FCCOB Number (which is equivalent to the byte number). This number is a reference to the FCCOB register name and is not the register address. FCCOB NumberRefers to FCCOB register name, not register address Typical Command Parameter Contents [7:0] 0 FCMD (a code that defines the FTFE command) 1 Flash address [23:16] 2 Flash address [15:8] 3 Flash address [7:0] 4 Data Byte 0 5 Data Byte 1 6 Data Byte 2 7 Data Byte 3 8 Data Byte 4 9 Data Byte 5 A Data Byte 6 B Data Byte 7 FCCOB Endianness and Multi-Byte Access: The FCCOB register group uses a big endian addressing convention. For all command parameter fields larger than 1 byte, the most significant data resides in the lowest FCCOB register number. The FCCOB register group may be read and written as individual bytes, aligned words (2 bytes) or aligned longwords (4 bytes).">
      <alias type="CMSIS" value="FTFE_FCCOBB_CCOBn(x)"/>
    </bit_field>
  </register>
  <register offset="0xD" width="8" name="FCCOBA" description="Flash Common Command Object Registers">
    <alias type="CMSIS" value="FCCOBA"/>
    <bit_field offset="0" width="8" name="CCOBn" access="RW" reset_value="0" description="The FCCOB register provides a command code and relevant parameters to the memory controller. The individual registers that compose the FCCOB data set can be written in any order, but you must provide all needed values, which vary from command to command. First, set up all required FCCOB fields and then initiate the command's execution by writing a 1 to the FSTAT[CCIF] bit. This clears the CCIF bit, which locks all FCCOB parameter fields and they cannot be changed by the user until the command completes (CCIF returns to 1). No command buffering or queueing is provided; the next command can be loaded only after the current command completes. Some commands return information to the FCCOB registers. Any values returned to FCCOB are available for reading after the FSTAT[CCIF] flag returns to 1 by the memory controller. The following table shows a generic FTFE command format. The first FCCOB register, FCCOB0, always contains the command code. This 8-bit value defines the command to be executed. The command code is followed by the parameters required for this specific FTFE command, typically an address and/or data values. The command parameter table is written in terms of FCCOB Number (which is equivalent to the byte number). This number is a reference to the FCCOB register name and is not the register address. FCCOB NumberRefers to FCCOB register name, not register address Typical Command Parameter Contents [7:0] 0 FCMD (a code that defines the FTFE command) 1 Flash address [23:16] 2 Flash address [15:8] 3 Flash address [7:0] 4 Data Byte 0 5 Data Byte 1 6 Data Byte 2 7 Data Byte 3 8 Data Byte 4 9 Data Byte 5 A Data Byte 6 B Data Byte 7 FCCOB Endianness and Multi-Byte Access: The FCCOB register group uses a big endian addressing convention. For all command parameter fields larger than 1 byte, the most significant data resides in the lowest FCCOB register number. The FCCOB register group may be read and written as individual bytes, aligned words (2 bytes) or aligned longwords (4 bytes).">
      <alias type="CMSIS" value="FTFE_FCCOBA_CCOBn(x)"/>
    </bit_field>
  </register>
  <register offset="0xE" width="8" name="FCCOB9" description="Flash Common Command Object Registers">
    <alias type="CMSIS" value="FCCOB9"/>
    <bit_field offset="0" width="8" name="CCOBn" access="RW" reset_value="0" description="The FCCOB register provides a command code and relevant parameters to the memory controller. The individual registers that compose the FCCOB data set can be written in any order, but you must provide all needed values, which vary from command to command. First, set up all required FCCOB fields and then initiate the command's execution by writing a 1 to the FSTAT[CCIF] bit. This clears the CCIF bit, which locks all FCCOB parameter fields and they cannot be changed by the user until the command completes (CCIF returns to 1). No command buffering or queueing is provided; the next command can be loaded only after the current command completes. Some commands return information to the FCCOB registers. Any values returned to FCCOB are available for reading after the FSTAT[CCIF] flag returns to 1 by the memory controller. The following table shows a generic FTFE command format. The first FCCOB register, FCCOB0, always contains the command code. This 8-bit value defines the command to be executed. The command code is followed by the parameters required for this specific FTFE command, typically an address and/or data values. The command parameter table is written in terms of FCCOB Number (which is equivalent to the byte number). This number is a reference to the FCCOB register name and is not the register address. FCCOB NumberRefers to FCCOB register name, not register address Typical Command Parameter Contents [7:0] 0 FCMD (a code that defines the FTFE command) 1 Flash address [23:16] 2 Flash address [15:8] 3 Flash address [7:0] 4 Data Byte 0 5 Data Byte 1 6 Data Byte 2 7 Data Byte 3 8 Data Byte 4 9 Data Byte 5 A Data Byte 6 B Data Byte 7 FCCOB Endianness and Multi-Byte Access: The FCCOB register group uses a big endian addressing convention. For all command parameter fields larger than 1 byte, the most significant data resides in the lowest FCCOB register number. The FCCOB register group may be read and written as individual bytes, aligned words (2 bytes) or aligned longwords (4 bytes).">
      <alias type="CMSIS" value="FTFE_FCCOB9_CCOBn(x)"/>
    </bit_field>
  </register>
  <register offset="0xF" width="8" name="FCCOB8" description="Flash Common Command Object Registers">
    <alias type="CMSIS" value="FCCOB8"/>
    <bit_field offset="0" width="8" name="CCOBn" access="RW" reset_value="0" description="The FCCOB register provides a command code and relevant parameters to the memory controller. The individual registers that compose the FCCOB data set can be written in any order, but you must provide all needed values, which vary from command to command. First, set up all required FCCOB fields and then initiate the command's execution by writing a 1 to the FSTAT[CCIF] bit. This clears the CCIF bit, which locks all FCCOB parameter fields and they cannot be changed by the user until the command completes (CCIF returns to 1). No command buffering or queueing is provided; the next command can be loaded only after the current command completes. Some commands return information to the FCCOB registers. Any values returned to FCCOB are available for reading after the FSTAT[CCIF] flag returns to 1 by the memory controller. The following table shows a generic FTFE command format. The first FCCOB register, FCCOB0, always contains the command code. This 8-bit value defines the command to be executed. The command code is followed by the parameters required for this specific FTFE command, typically an address and/or data values. The command parameter table is written in terms of FCCOB Number (which is equivalent to the byte number). This number is a reference to the FCCOB register name and is not the register address. FCCOB NumberRefers to FCCOB register name, not register address Typical Command Parameter Contents [7:0] 0 FCMD (a code that defines the FTFE command) 1 Flash address [23:16] 2 Flash address [15:8] 3 Flash address [7:0] 4 Data Byte 0 5 Data Byte 1 6 Data Byte 2 7 Data Byte 3 8 Data Byte 4 9 Data Byte 5 A Data Byte 6 B Data Byte 7 FCCOB Endianness and Multi-Byte Access: The FCCOB register group uses a big endian addressing convention. For all command parameter fields larger than 1 byte, the most significant data resides in the lowest FCCOB register number. The FCCOB register group may be read and written as individual bytes, aligned words (2 bytes) or aligned longwords (4 bytes).">
      <alias type="CMSIS" value="FTFE_FCCOB8_CCOBn(x)"/>
    </bit_field>
  </register>
  <register offset="0x10" width="8" name="FPROT3" description="Program Flash Protection Registers">
    <alias type="CMSIS" value="FPROT3"/>
    <bit_field offset="0" width="8" name="PROT" access="RW" reset_value="0" reset_mask="0" description="Program Flash Region Protect">
      <alias type="CMSIS" value="FTFE_FPROT3_PROT(x)"/>
    </bit_field>
  </register>
  <register offset="0x11" width="8" name="FPROT2" description="Program Flash Protection Registers">
    <alias type="CMSIS" value="FPROT2"/>
    <bit_field offset="0" width="8" name="PROT" access="RW" reset_value="0" reset_mask="0" description="Program Flash Region Protect">
      <alias type="CMSIS" value="FTFE_FPROT2_PROT(x)"/>
    </bit_field>
  </register>
  <register offset="0x12" width="8" name="FPROT1" description="Program Flash Protection Registers">
    <alias type="CMSIS" value="FPROT1"/>
    <bit_field offset="0" width="8" name="PROT" access="RW" reset_value="0" reset_mask="0" description="Program Flash Region Protect">
      <alias type="CMSIS" value="FTFE_FPROT1_PROT(x)"/>
    </bit_field>
  </register>
  <register offset="0x13" width="8" name="FPROT0" description="Program Flash Protection Registers">
    <alias type="CMSIS" value="FPROT0"/>
    <bit_field offset="0" width="8" name="PROT" access="RW" reset_value="0" reset_mask="0" description="Program Flash Region Protect">
      <alias type="CMSIS" value="FTFE_FPROT0_PROT(x)"/>
    </bit_field>
  </register>
  <register offset="0x16" width="8" name="FEPROT" description="EEPROM Protection Register">
    <alias type="CMSIS" value="FEPROT"/>
    <bit_field offset="0" width="8" name="EPROT" access="RW" reset_value="0" reset_mask="0" description="EEPROM Region Protect">
      <alias type="CMSIS" value="FTFE_FEPROT_EPROT(x)"/>
    </bit_field>
  </register>
  <register offset="0x17" width="8" name="FDPROT" description="Data Flash Protection Register">
    <alias type="CMSIS" value="FDPROT"/>
    <bit_field offset="0" width="8" name="DPROT" access="RW" reset_value="0" reset_mask="0" description="Data Flash Region Protect">
      <alias type="CMSIS" value="FTFE_FDPROT_DPROT(x)"/>
    </bit_field>
  </register>
</regs:peripheral>