<?xml version="1.0"?>
<regs:peripheral xmlns:regs="http://swtools.freescale.net/XSD/registers/1.0/regsPeripheral.xsd" xmlns:xsi="http://www.w3.org/2001/XMLSchema-instance" xsi:schemaLocation="http://swtools.freescale.net/XSD/registers/1.0/regsPeripheral.xsd http://swtools.freescale.net/XSD/registers/1.0/regsPeripheral.xsd">
  <register offset="0" width="8" name="A1" description="I2C Address Register 1">
    <alias type="CMSIS" value="A1"/>
    <reserved_bit_field offset="0" width="1" reset_value="0"/>
    <bit_field offset="1" width="7" name="AD" access="RW" reset_value="0" description="Address">
      <alias type="CMSIS" value="I2C_A1_AD(x)"/>
    </bit_field>
  </register>
  <register offset="0x1" width="8" name="F" description="I2C Frequency Divider register">
    <alias type="CMSIS" value="F"/>
    <bit_field offset="0" width="6" name="ICR" access="RW" reset_value="0" description="ClockRate">
      <alias type="CMSIS" value="I2C_F_ICR(x)"/>
    </bit_field>
    <bit_field offset="6" width="2" name="MULT" access="RW" reset_value="0" description="Multiplier Factor">
      <alias type="CMSIS" value="I2C_F_MULT(x)"/>
    </bit_field>
  </register>
  <register offset="0x2" width="8" name="C1" description="I2C Control Register 1">
    <alias type="CMSIS" value="C1"/>
    <bit_field offset="0" width="1" name="DMAEN" access="RW" reset_value="0" description="DMA Enable">
      <alias type="CMSIS" value="I2C_C1_DMAEN(x)"/>
    </bit_field>
    <bit_field offset="1" width="1" name="WUEN" access="RW" reset_value="0" description="Wakeup Enable">
      <alias type="CMSIS" value="I2C_C1_WUEN(x)"/>
    </bit_field>
    <bit_field offset="2" width="1" name="RSTA" access="WORZ" reset_value="0" description="Repeat START">
      <alias type="CMSIS" value="I2C_C1_RSTA(x)"/>
    </bit_field>
    <bit_field offset="3" width="1" name="TXAK" access="RW" reset_value="0" description="Transmit Acknowledge Enable">
      <alias type="CMSIS" value="I2C_C1_TXAK(x)"/>
    </bit_field>
    <bit_field offset="4" width="1" name="TX" access="RW" reset_value="0" description="Transmit Mode Select">
      <alias type="CMSIS" value="I2C_C1_TX(x)"/>
    </bit_field>
    <bit_field offset="5" width="1" name="MST" access="RW" reset_value="0" description="Master Mode Select">
      <alias type="CMSIS" value="I2C_C1_MST(x)"/>
    </bit_field>
    <bit_field offset="6" width="1" name="IICIE" access="RW" reset_value="0" description="I2C Interrupt Enable">
      <alias type="CMSIS" value="I2C_C1_IICIE(x)"/>
    </bit_field>
    <bit_field offset="7" width="1" name="IICEN" access="RW" reset_value="0" description="I2C Enable">
      <alias type="CMSIS" value="I2C_C1_IICEN(x)"/>
    </bit_field>
  </register>
  <register offset="0x3" width="8" name="S" description="I2C Status register">
    <alias type="CMSIS" value="S"/>
    <bit_field offset="0" width="1" name="RXAK" access="RO" reset_value="0" description="Receive Acknowledge">
      <alias type="CMSIS" value="I2C_S_RXAK(x)"/>
    </bit_field>
    <bit_field offset="1" width="1" name="IICIF" access="W1C" reset_value="0" description="Interrupt Flag">
      <alias type="CMSIS" value="I2C_S_IICIF(x)"/>
    </bit_field>
    <bit_field offset="2" width="1" name="SRW" access="RO" reset_value="0" description="Slave Read/Write">
      <alias type="CMSIS" value="I2C_S_SRW(x)"/>
    </bit_field>
    <bit_field offset="3" width="1" name="RAM" access="RW" reset_value="0" description="Range Address Match">
      <alias type="CMSIS" value="I2C_S_RAM(x)"/>
    </bit_field>
    <bit_field offset="4" width="1" name="ARBL" access="W1C" reset_value="0" description="Arbitration Lost">
      <alias type="CMSIS" value="I2C_S_ARBL(x)"/>
    </bit_field>
    <bit_field offset="5" width="1" name="BUSY" access="RO" reset_value="0" description="Bus Busy">
      <alias type="CMSIS" value="I2C_S_BUSY(x)"/>
    </bit_field>
    <bit_field offset="6" width="1" name="IAAS" access="RW" reset_value="0" description="Addressed As A Slave">
      <alias type="CMSIS" value="I2C_S_IAAS(x)"/>
    </bit_field>
    <bit_field offset="7" width="1" name="TCF" access="RO" reset_value="0x1" description="Transfer Complete Flag">
      <alias type="CMSIS" value="I2C_S_TCF(x)"/>
    </bit_field>
  </register>
  <register offset="0x4" width="8" name="D" description="I2C Data I/O register">
    <alias type="CMSIS" value="D"/>
    <bit_field offset="0" width="8" name="DATA" access="RW" reset_value="0" description="Data">
      <alias type="CMSIS" value="I2C_D_DATA(x)"/>
    </bit_field>
  </register>
  <register offset="0x5" width="8" name="C2" description="I2C Control Register 2">
    <alias type="CMSIS" value="C2"/>
    <bit_field offset="0" width="3" name="AD" access="RW" reset_value="0" description="Slave Address">
      <alias type="CMSIS" value="I2C_C2_AD(x)"/>
    </bit_field>
    <bit_field offset="3" width="1" name="RMEN" access="RW" reset_value="0" description="Range Address Matching Enable">
      <alias type="CMSIS" value="I2C_C2_RMEN(x)"/>
    </bit_field>
    <bit_field offset="4" width="1" name="SBRC" access="RW" reset_value="0" description="Slave Baud Rate Control">
      <alias type="CMSIS" value="I2C_C2_SBRC(x)"/>
    </bit_field>
    <bit_field offset="5" width="1" name="HDRS" access="RW" reset_value="0" description="High Drive Select">
      <alias type="CMSIS" value="I2C_C2_HDRS(x)"/>
    </bit_field>
    <bit_field offset="6" width="1" name="ADEXT" access="RW" reset_value="0" description="Address Extension">
      <alias type="CMSIS" value="I2C_C2_ADEXT(x)"/>
    </bit_field>
    <bit_field offset="7" width="1" name="GCAEN" access="RW" reset_value="0" description="General Call Address Enable">
      <alias type="CMSIS" value="I2C_C2_GCAEN(x)"/>
    </bit_field>
  </register>
  <register offset="0x6" width="8" name="FLT" description="I2C Programmable Input Glitch Filter register">
    <alias type="CMSIS" value="FLT"/>
    <bit_field offset="0" width="4" name="FLT" access="RW" reset_value="0" description="I2C Programmable Filter Factor">
      <alias type="CMSIS" value="I2C_FLT_FLT(x)"/>
    </bit_field>
    <bit_field offset="4" width="1" name="STARTF" access="W1C" reset_value="0" description="I2C Bus Start Detect Flag">
      <alias type="CMSIS" value="I2C_FLT_STARTF(x)"/>
    </bit_field>
    <bit_field offset="5" width="1" name="SSIE" access="RW" reset_value="0" description="I2C Bus Stop or Start Interrupt Enable">
      <alias type="CMSIS" value="I2C_FLT_SSIE(x)"/>
    </bit_field>
    <bit_field offset="6" width="1" name="STOPF" access="W1C" reset_value="0" description="I2C Bus Stop Detect Flag">
      <alias type="CMSIS" value="I2C_FLT_STOPF(x)"/>
    </bit_field>
    <bit_field offset="7" width="1" name="SHEN" access="RW" reset_value="0" description="Stop Hold Enable">
      <alias type="CMSIS" value="I2C_FLT_SHEN(x)"/>
    </bit_field>
  </register>
  <register offset="0x7" width="8" name="RA" description="I2C Range Address register">
    <alias type="CMSIS" value="RA"/>
    <reserved_bit_field offset="0" width="1" reset_value="0"/>
    <bit_field offset="1" width="7" name="RAD" access="RW" reset_value="0" description="Range Slave Address">
      <alias type="CMSIS" value="I2C_RA_RAD(x)"/>
    </bit_field>
  </register>
  <register offset="0x8" width="8" name="SMB" description="I2C SMBus Control and Status register">
    <alias type="CMSIS" value="SMB"/>
    <bit_field offset="0" width="1" name="SHTF2IE" access="RW" reset_value="0" description="SHTF2 Interrupt Enable">
      <alias type="CMSIS" value="I2C_SMB_SHTF2IE(x)"/>
    </bit_field>
    <bit_field offset="1" width="1" name="SHTF2" access="W1C" reset_value="0" description="SCL High Timeout Flag 2">
      <alias type="CMSIS" value="I2C_SMB_SHTF2(x)"/>
    </bit_field>
    <bit_field offset="2" width="1" name="SHTF1" access="RO" reset_value="0" description="SCL High Timeout Flag 1">
      <alias type="CMSIS" value="I2C_SMB_SHTF1(x)"/>
    </bit_field>
    <bit_field offset="3" width="1" name="SLTF" access="W1C" reset_value="0" description="SCL Low Timeout Flag">
      <alias type="CMSIS" value="I2C_SMB_SLTF(x)"/>
    </bit_field>
    <bit_field offset="4" width="1" name="TCKSEL" access="RW" reset_value="0" description="Timeout Counter Clock Select">
      <alias type="CMSIS" value="I2C_SMB_TCKSEL(x)"/>
    </bit_field>
    <bit_field offset="5" width="1" name="SIICAEN" access="RW" reset_value="0" description="Second I2C Address Enable">
      <alias type="CMSIS" value="I2C_SMB_SIICAEN(x)"/>
    </bit_field>
    <bit_field offset="6" width="1" name="ALERTEN" access="RW" reset_value="0" description="SMBus Alert Response Address Enable">
      <alias type="CMSIS" value="I2C_SMB_ALERTEN(x)"/>
    </bit_field>
    <bit_field offset="7" width="1" name="FACK" access="RW" reset_value="0" description="Fast NACK/ACK Enable">
      <alias type="CMSIS" value="I2C_SMB_FACK(x)"/>
    </bit_field>
  </register>
  <register offset="0x9" width="8" name="A2" description="I2C Address Register 2">
    <alias type="CMSIS" value="A2"/>
    <reserved_bit_field offset="0" width="1" reset_value="0"/>
    <bit_field offset="1" width="7" name="SAD" access="RW" reset_value="0x61" description="SMBus Address">
      <alias type="CMSIS" value="I2C_A2_SAD(x)"/>
    </bit_field>
  </register>
  <register offset="0xA" width="8" name="SLTH" description="I2C SCL Low Timeout Register High">
    <alias type="CMSIS" value="SLTH"/>
    <bit_field offset="0" width="8" name="SSLT" access="RW" reset_value="0" description="Most significant byte of SCL low timeout value that determines the timeout period of SCL low.">
      <alias type="CMSIS" value="I2C_SLTH_SSLT(x)"/>
    </bit_field>
  </register>
  <register offset="0xB" width="8" name="SLTL" description="I2C SCL Low Timeout Register Low">
    <alias type="CMSIS" value="SLTL"/>
    <bit_field offset="0" width="8" name="SSLT" access="RW" reset_value="0" description="Least significant byte of SCL low timeout value that determines the timeout period of SCL low.">
      <alias type="CMSIS" value="I2C_SLTL_SSLT(x)"/>
    </bit_field>
  </register>
</regs:peripheral>