<?xml version="1.0"?>
<regs:peripheral xmlns:regs="http://swtools.freescale.net/XSD/registers/1.0/regsPeripheral.xsd" xmlns:xsi="http://www.w3.org/2001/XMLSchema-instance" xsi:schemaLocation="http://swtools.freescale.net/XSD/registers/1.0/regsPeripheral.xsd http://swtools.freescale.net/XSD/registers/1.0/regsPeripheral.xsd">
  <register offset="0x8" width="16" name="PLASC" description="Crossbar Switch (AXBS) Slave Configuration">
    <alias type="CMSIS" value="PLASC"/>
    <bit_field offset="0" width="8" name="ASC" access="RO" reset_value="0x1F" description="Each bit in the ASC field indicates whether there is a corresponding connection to the crossbar switch's slave input port.">
      <alias type="CMSIS" value="MCM_PLASC_ASC(x)"/>
    </bit_field>
    <reserved_bit_field offset="8" width="8" reset_value="0"/>
  </register>
  <register offset="0xA" width="16" name="PLAMC" description="Crossbar Switch (AXBS) Master Configuration">
    <alias type="CMSIS" value="PLAMC"/>
    <bit_field offset="0" width="8" name="AMC" access="RO" reset_value="0x37" description="Each bit in the AMC field indicates whether there is a corresponding connection to the AXBS master input port.">
      <alias type="CMSIS" value="MCM_PLAMC_AMC(x)"/>
    </bit_field>
    <reserved_bit_field offset="8" width="8" reset_value="0"/>
  </register>
  <register offset="0xC" width="32" name="CR" description="Control Register">
    <alias type="CMSIS" value="CR"/>
    <reserved_bit_field offset="0" width="9" reset_value="0"/>
    <reserved_bit_field offset="9" width="1" reset_value="0"/>
    <reserved_bit_field offset="10" width="14" reset_value="0"/>
    <bit_field offset="24" width="2" name="SRAMUAP" access="RW" reset_value="0" description="SRAM_U arbitration priority">
      <alias type="CMSIS" value="MCM_CR_SRAMUAP(x)"/>
    </bit_field>
    <bit_field offset="26" width="1" name="SRAMUWP" access="RW" reset_value="0" description="SRAM_U write protect">
      <alias type="CMSIS" value="MCM_CR_SRAMUWP(x)"/>
    </bit_field>
    <reserved_bit_field offset="27" width="1" reset_value="0"/>
    <bit_field offset="28" width="2" name="SRAMLAP" access="RW" reset_value="0" description="SRAM_L arbitration priority">
      <alias type="CMSIS" value="MCM_CR_SRAMLAP(x)"/>
    </bit_field>
    <bit_field offset="30" width="1" name="SRAMLWP" access="RW" reset_value="0" description="SRAM_L Write Protect">
      <alias type="CMSIS" value="MCM_CR_SRAMLWP(x)"/>
    </bit_field>
    <reserved_bit_field offset="31" width="1" reset_value="0"/>
  </register>
  <register offset="0x10" width="32" name="ISCR" description="Interrupt Status Register">
    <alias type="id" value="ISR"/>
    <alias type="CMSIS" value="ISCR"/>
    <reserved_bit_field offset="0" width="1" reset_value="0"/>
    <bit_field offset="1" width="1" name="IRQ" access="W1C" reset_value="0" description="Normal Interrupt Pending">
      <alias type="CMSIS" value="MCM_ISCR_IRQ(x)"/>
    </bit_field>
    <bit_field offset="2" width="1" name="NMI" access="W1C" reset_value="0" description="Non-maskable Interrupt Pending">
      <alias type="CMSIS" value="MCM_ISCR_NMI(x)"/>
    </bit_field>
    <bit_field offset="3" width="1" name="DHREQ" access="RO" reset_value="0" description="Debug Halt Request Indicator">
      <alias type="CMSIS" value="MCM_ISCR_DHREQ(x)"/>
    </bit_field>
    <reserved_bit_field offset="4" width="1" reset_value="0"/>
    <reserved_bit_field offset="5" width="3" reset_value="0"/>
    <bit_field offset="8" width="1" name="FIOC" access="RO" reset_value="0" description="FPU invalid operation interrupt status">
      <alias type="CMSIS" value="MCM_ISCR_FIOC(x)"/>
    </bit_field>
    <bit_field offset="9" width="1" name="FDZC" access="RO" reset_value="0" description="FPU divide-by-zero interrupt status">
      <alias type="CMSIS" value="MCM_ISCR_FDZC(x)"/>
    </bit_field>
    <bit_field offset="10" width="1" name="FOFC" access="RO" reset_value="0" description="FPU overflow interrupt status">
      <alias type="CMSIS" value="MCM_ISCR_FOFC(x)"/>
    </bit_field>
    <bit_field offset="11" width="1" name="FUFC" access="RO" reset_value="0" description="FPU underflow interrupt status">
      <alias type="CMSIS" value="MCM_ISCR_FUFC(x)"/>
    </bit_field>
    <bit_field offset="12" width="1" name="FIXC" access="RO" reset_value="0" description="FPU inexact interrupt status">
      <alias type="CMSIS" value="MCM_ISCR_FIXC(x)"/>
    </bit_field>
    <reserved_bit_field offset="13" width="2" reset_value="0"/>
    <bit_field offset="15" width="1" name="FIDC" access="RO" reset_value="0" description="FPU input denormal interrupt status">
      <alias type="CMSIS" value="MCM_ISCR_FIDC(x)"/>
    </bit_field>
    <reserved_bit_field offset="16" width="8" reset_value="0"/>
    <bit_field offset="24" width="1" name="FIOCE" access="RW" reset_value="0" description="FPU invalid operation interrupt enable">
      <alias type="CMSIS" value="MCM_ISCR_FIOCE(x)"/>
    </bit_field>
    <bit_field offset="25" width="1" name="FDZCE" access="RW" reset_value="0" description="FPU divide-by-zero interrupt enable">
      <alias type="CMSIS" value="MCM_ISCR_FDZCE(x)"/>
    </bit_field>
    <bit_field offset="26" width="1" name="FOFCE" access="RW" reset_value="0" description="FPU overflow interrupt enable">
      <alias type="CMSIS" value="MCM_ISCR_FOFCE(x)"/>
    </bit_field>
    <bit_field offset="27" width="1" name="FUFCE" access="RW" reset_value="0" description="FPU underflow interrupt enable">
      <alias type="CMSIS" value="MCM_ISCR_FUFCE(x)"/>
    </bit_field>
    <bit_field offset="28" width="1" name="FIXCE" access="RW" reset_value="0" description="FPU inexact interrupt enable">
      <alias type="CMSIS" value="MCM_ISCR_FIXCE(x)"/>
    </bit_field>
    <reserved_bit_field offset="29" width="2" reset_value="0"/>
    <bit_field offset="31" width="1" name="FIDCE" access="RW" reset_value="0" description="FPU input denormal interrupt enable">
      <alias type="CMSIS" value="MCM_ISCR_FIDCE(x)"/>
    </bit_field>
  </register>
  <register offset="0x14" width="32" name="ETBCC" description="ETB Counter Control register">
    <alias type="CMSIS" value="ETBCC"/>
    <bit_field offset="0" width="1" name="CNTEN" access="RW" reset_value="0" description="Counter Enable">
      <alias type="CMSIS" value="MCM_ETBCC_CNTEN(x)"/>
    </bit_field>
    <bit_field offset="1" width="2" name="RSPT" access="RW" reset_value="0" description="Response Type">
      <alias type="CMSIS" value="MCM_ETBCC_RSPT(x)"/>
    </bit_field>
    <bit_field offset="3" width="1" name="RLRQ" access="RW" reset_value="0" description="Reload Request">
      <alias type="CMSIS" value="MCM_ETBCC_RLRQ(x)"/>
    </bit_field>
    <bit_field offset="4" width="1" name="ETDIS" access="RW" reset_value="0" description="ETM-To-TPIU Disable">
      <alias type="CMSIS" value="MCM_ETBCC_ETDIS(x)"/>
    </bit_field>
    <bit_field offset="5" width="1" name="ITDIS" access="RW" reset_value="0" description="ITM-To-TPIU Disable">
      <alias type="CMSIS" value="MCM_ETBCC_ITDIS(x)"/>
    </bit_field>
    <reserved_bit_field offset="6" width="26" reset_value="0"/>
  </register>
  <register offset="0x18" width="32" name="ETBRL" description="ETB Reload register">
    <alias type="CMSIS" value="ETBRL"/>
    <bit_field offset="0" width="11" name="RELOAD" access="RW" reset_value="0" description="Byte Count Reload Value">
      <alias type="CMSIS" value="MCM_ETBRL_RELOAD(x)"/>
    </bit_field>
    <reserved_bit_field offset="11" width="21" reset_value="0"/>
  </register>
  <register offset="0x1C" width="32" name="ETBCNT" description="ETB Counter Value register">
    <alias type="CMSIS" value="ETBCNT"/>
    <bit_field offset="0" width="11" name="COUNTER" access="RO" reset_value="0" description="Byte Count Counter Value">
      <alias type="CMSIS" value="MCM_ETBCNT_COUNTER(x)"/>
    </bit_field>
    <reserved_bit_field offset="11" width="21" reset_value="0"/>
  </register>
  <register offset="0x30" width="32" name="PID" description="Process ID register">
    <alias type="CMSIS" value="PID"/>
    <bit_field offset="0" width="8" name="PID" access="RW" reset_value="0" description="M0_PID And M1_PID For MPU">
      <alias type="CMSIS" value="MCM_PID_PID(x)"/>
    </bit_field>
    <reserved_bit_field offset="8" width="24" reset_value="0"/>
  </register>
</regs:peripheral>