<?xml version="1.0"?>
<regs:peripheral xmlns:regs="http://swtools.freescale.net/XSD/registers/1.0/regsPeripheral.xsd" xmlns:xsi="http://www.w3.org/2001/XMLSchema-instance" xsi:schemaLocation="http://swtools.freescale.net/XSD/registers/1.0/regsPeripheral.xsd http://swtools.freescale.net/XSD/registers/1.0/regsPeripheral.xsd">
  <register offset="0" width="8" name="LVDSC1" description="Low Voltage Detect Status And Control 1 register">
    <alias type="CMSIS" value="LVDSC1"/>
    <bit_field offset="0" width="2" name="LVDV" access="RW" reset_value="0" description="Low-Voltage Detect Voltage Select">
      <alias type="CMSIS" value="PMC_LVDSC1_LVDV(x)"/>
    </bit_field>
    <reserved_bit_field offset="2" width="2" reset_value="0"/>
    <bit_field offset="4" width="1" name="LVDRE" access="RW" reset_value="0x1" description="Low-Voltage Detect Reset Enable">
      <alias type="CMSIS" value="PMC_LVDSC1_LVDRE(x)"/>
    </bit_field>
    <bit_field offset="5" width="1" name="LVDIE" access="RW" reset_value="0" description="Low-Voltage Detect Interrupt Enable">
      <alias type="CMSIS" value="PMC_LVDSC1_LVDIE(x)"/>
    </bit_field>
    <bit_field offset="6" width="1" name="LVDACK" access="WORZ" reset_value="0" description="Low-Voltage Detect Acknowledge">
      <alias type="CMSIS" value="PMC_LVDSC1_LVDACK(x)"/>
    </bit_field>
    <bit_field offset="7" width="1" name="LVDF" access="RO" reset_value="0" description="Low-Voltage Detect Flag">
      <alias type="CMSIS" value="PMC_LVDSC1_LVDF(x)"/>
    </bit_field>
  </register>
  <register offset="0x1" width="8" name="LVDSC2" description="Low Voltage Detect Status And Control 2 register">
    <alias type="CMSIS" value="LVDSC2"/>
    <bit_field offset="0" width="2" name="LVWV" access="RW" reset_value="0" description="Low-Voltage Warning Voltage Select">
      <alias type="CMSIS" value="PMC_LVDSC2_LVWV(x)"/>
    </bit_field>
    <reserved_bit_field offset="2" width="3" reset_value="0"/>
    <bit_field offset="5" width="1" name="LVWIE" access="RW" reset_value="0" description="Low-Voltage Warning Interrupt Enable">
      <alias type="CMSIS" value="PMC_LVDSC2_LVWIE(x)"/>
    </bit_field>
    <bit_field offset="6" width="1" name="LVWACK" access="WORZ" reset_value="0" description="Low-Voltage Warning Acknowledge">
      <alias type="CMSIS" value="PMC_LVDSC2_LVWACK(x)"/>
    </bit_field>
    <bit_field offset="7" width="1" name="LVWF" access="RO" reset_value="0" description="Low-Voltage Warning Flag">
      <alias type="CMSIS" value="PMC_LVDSC2_LVWF(x)"/>
    </bit_field>
  </register>
  <register offset="0x2" width="8" name="REGSC" description="Regulator Status And Control register">
    <alias type="CMSIS" value="REGSC"/>
    <bit_field offset="0" width="1" name="BGBE" access="RW" reset_value="0" description="Bandgap Buffer Enable">
      <alias type="CMSIS" value="PMC_REGSC_BGBE(x)"/>
    </bit_field>
    <reserved_bit_field offset="1" width="1" reset_value="0"/>
    <bit_field offset="2" width="1" name="REGONS" access="RO" reset_value="0x1" description="Regulator In Run Regulation Status">
      <alias type="CMSIS" value="PMC_REGSC_REGONS(x)"/>
    </bit_field>
    <bit_field offset="3" width="1" name="ACKISO" access="W1C" reset_value="0" description="Acknowledge Isolation">
      <alias type="CMSIS" value="PMC_REGSC_ACKISO(x)"/>
    </bit_field>
    <bit_field offset="4" width="1" name="BGEN" access="RW" reset_value="0" description="Bandgap Enable In VLPx Operation">
      <alias type="CMSIS" value="PMC_REGSC_BGEN(x)"/>
    </bit_field>
    <reserved_bit_field offset="5" width="1" reset_value="0"/>
    <reserved_bit_field offset="6" width="1" reset_value="0"/>
    <reserved_bit_field offset="7" width="1" reset_value="0"/>
  </register>
</regs:peripheral>