<?xml version="1.0"?>
<regs:peripheral xmlns:regs="http://swtools.freescale.net/XSD/registers/1.0/regsPeripheral.xsd" xmlns:xsi="http://www.w3.org/2001/XMLSchema-instance" xsi:schemaLocation="http://swtools.freescale.net/XSD/registers/1.0/regsPeripheral.xsd http://swtools.freescale.net/XSD/registers/1.0/regsPeripheral.xsd">
  <register offset="0" width="8" name="SRS0" description="System Reset Status Register 0">
    <alias type="CMSIS" value="SRS0"/>
    <bit_field offset="0" width="1" name="WAKEUP" access="RO" reset_value="0" description="Low Leakage Wakeup Reset">
      <alias type="CMSIS" value="RCM_SRS0_WAKEUP(x)"/>
    </bit_field>
    <bit_field offset="1" width="1" name="LVD" access="RO" reset_value="0x1" description="Low-Voltage Detect Reset">
      <alias type="CMSIS" value="RCM_SRS0_LVD(x)"/>
    </bit_field>
    <bit_field offset="2" width="1" name="LOC" access="RO" reset_value="0" description="Loss-of-Clock Reset">
      <alias type="CMSIS" value="RCM_SRS0_LOC(x)"/>
    </bit_field>
    <bit_field offset="3" width="1" name="LOL" access="RO" reset_value="0" description="Loss-of-Lock Reset">
      <alias type="CMSIS" value="RCM_SRS0_LOL(x)"/>
    </bit_field>
    <reserved_bit_field offset="4" width="1" reset_value="0"/>
    <bit_field offset="5" width="1" name="WDOG" access="RO" reset_value="0" description="Watchdog">
      <alias type="CMSIS" value="RCM_SRS0_WDOG(x)"/>
    </bit_field>
    <bit_field offset="6" width="1" name="PIN" access="RO" reset_value="0" description="External Reset Pin">
      <alias type="CMSIS" value="RCM_SRS0_PIN(x)"/>
    </bit_field>
    <bit_field offset="7" width="1" name="POR" access="RO" reset_value="0x1" description="Power-On Reset">
      <alias type="CMSIS" value="RCM_SRS0_POR(x)"/>
    </bit_field>
  </register>
  <register offset="0x1" width="8" name="SRS1" description="System Reset Status Register 1">
    <alias type="CMSIS" value="SRS1"/>
    <bit_field offset="0" width="1" name="JTAG" access="RO" reset_value="0" description="JTAG Generated Reset">
      <alias type="CMSIS" value="RCM_SRS1_JTAG(x)"/>
    </bit_field>
    <bit_field offset="1" width="1" name="LOCKUP" access="RO" reset_value="0" description="Core Lockup">
      <alias type="CMSIS" value="RCM_SRS1_LOCKUP(x)"/>
    </bit_field>
    <bit_field offset="2" width="1" name="SW" access="RO" reset_value="0" description="Software">
      <alias type="CMSIS" value="RCM_SRS1_SW(x)"/>
    </bit_field>
    <bit_field offset="3" width="1" name="MDM_AP" access="RO" reset_value="0" description="MDM-AP System Reset Request">
      <alias type="CMSIS" value="RCM_SRS1_MDM_AP(x)"/>
    </bit_field>
    <bit_field offset="4" width="1" name="EZPT" access="RO" reset_value="0" description="EzPort Reset">
      <alias type="CMSIS" value="RCM_SRS1_EZPT(x)"/>
    </bit_field>
    <bit_field offset="5" width="1" name="SACKERR" access="RO" reset_value="0" description="Stop Mode Acknowledge Error Reset">
      <alias type="CMSIS" value="RCM_SRS1_SACKERR(x)"/>
    </bit_field>
    <reserved_bit_field offset="6" width="1" reset_value="0"/>
    <reserved_bit_field offset="7" width="1" reset_value="0"/>
  </register>
  <register offset="0x4" width="8" name="RPFC" description="Reset Pin Filter Control register">
    <alias type="CMSIS" value="RPFC"/>
    <bit_field offset="0" width="2" name="RSTFLTSRW" access="RW" reset_value="0" description="Reset Pin Filter Select in Run and Wait Modes">
      <alias type="CMSIS" value="RCM_RPFC_RSTFLTSRW(x)"/>
    </bit_field>
    <bit_field offset="2" width="1" name="RSTFLTSS" access="RW" reset_value="0" description="Reset Pin Filter Select in Stop Mode">
      <alias type="CMSIS" value="RCM_RPFC_RSTFLTSS(x)"/>
    </bit_field>
    <reserved_bit_field offset="3" width="5" reset_value="0"/>
  </register>
  <register offset="0x5" width="8" name="RPFW" description="Reset Pin Filter Width register">
    <alias type="CMSIS" value="RPFW"/>
    <bit_field offset="0" width="5" name="RSTFLTSEL" access="RW" reset_value="0" description="Reset Pin Filter Bus Clock Select">
      <alias type="CMSIS" value="RCM_RPFW_RSTFLTSEL(x)"/>
    </bit_field>
    <reserved_bit_field offset="5" width="3" reset_value="0"/>
  </register>
  <register offset="0x7" width="8" name="MR" description="Mode Register">
    <alias type="CMSIS" value="MR"/>
    <reserved_bit_field offset="0" width="1" reset_value="0"/>
    <bit_field offset="1" width="1" name="EZP_MS" access="RO" reset_value="0" description="EZP_MS_B pin state">
      <alias type="CMSIS" value="RCM_MR_EZP_MS(x)"/>
    </bit_field>
    <reserved_bit_field offset="2" width="6" reset_value="0"/>
  </register>
</regs:peripheral>