<?xml version="1.0"?>
<regs:registers version="1" xmlns:regs="http://swtools.freescale.net/XSD/registers/1.0" xmlns:xsi="http://www.w3.org/2001/XMLSchema-instance" xsi:schemaLocation="http://swtools.freescale.net/XSD/registers/1.0 http://swtools.freescale.net/XSD/registers/1.0/registers.xsd">
  <part_information>
    <part_number id="MK64FN1M0xxx12" family="Kinetis"/>
  </part_information>
  <peripherals>
    <peripheral name="WDOG" link="WDOG.xml">
      <alias type="type" value="WDOG"/>
    </peripheral>
    <peripheral name="VREF" link="VREF.xml">
      <alias type="type" value="VREF"/>
    </peripheral>
    <peripheral name="USBDCD" link="USBDCD.xml">
      <alias type="type" value="USBDCD"/>
    </peripheral>
    <peripheral name="USB0" link="USB0.xml">
      <alias type="type" value="USB"/>
    </peripheral>
    <peripheral name="UART5" link="UART5.xml">
      <alias type="type" value="UART"/>
    </peripheral>
    <peripheral name="UART4" link="UART4.xml">
      <alias type="type" value="UART"/>
    </peripheral>
    <peripheral name="UART3" link="UART3.xml">
      <alias type="type" value="UART"/>
    </peripheral>
    <peripheral name="UART2" link="UART2.xml">
      <alias type="type" value="UART"/>
    </peripheral>
    <peripheral name="UART1" link="UART1.xml">
      <alias type="type" value="UART"/>
    </peripheral>
    <peripheral name="UART0" link="UART0.xml">
      <alias type="type" value="UART"/>
    </peripheral>
    <peripheral name="TPIU" link="TPIU.xml">
      <alias type="type" value="TPIU"/>
    </peripheral>
    <peripheral name="SystemControl" link="SystemControl.xml">
      <alias type="type" value="SCB"/>
    </peripheral>
    <peripheral name="SysTick" link="SysTick.xml">
      <alias type="type" value="SysTick"/>
    </peripheral>
    <peripheral name="SYSMPU" link="SYSMPU.xml">
      <alias type="type" value="SYSMPU"/>
    </peripheral>
    <peripheral name="SPI2" link="SPI2.xml">
      <alias type="type" value="SPI"/>
    </peripheral>
    <peripheral name="SPI1" link="SPI1.xml">
      <alias type="type" value="SPI"/>
    </peripheral>
    <peripheral name="SPI0" link="SPI0.xml">
      <alias type="type" value="SPI"/>
    </peripheral>
    <peripheral name="SMC" link="SMC.xml">
      <alias type="type" value="SMC"/>
    </peripheral>
    <peripheral name="SIM" link="SIM.xml">
      <alias type="type" value="SIM"/>
    </peripheral>
    <peripheral name="SDHC" link="SDHC.xml">
      <alias type="type" value="SDHC"/>
    </peripheral>
    <peripheral name="RTC" link="RTC.xml">
      <alias type="type" value="RTC"/>
    </peripheral>
    <peripheral name="RNG" link="RNG.xml">
      <alias type="type" value="RNG"/>
    </peripheral>
    <peripheral name="RFVBAT" link="RFVBAT.xml">
      <alias type="type" value="RFVBAT"/>
    </peripheral>
    <peripheral name="RFSYS" link="RFSYS.xml">
      <alias type="type" value="RFSYS"/>
    </peripheral>
    <peripheral name="RCM" link="RCM.xml">
      <alias type="type" value="RCM"/>
    </peripheral>
    <peripheral name="PORTE" link="PORTE.xml">
      <alias type="type" value="PORT"/>
    </peripheral>
    <peripheral name="PORTD" link="PORTD.xml">
      <alias type="type" value="PORT"/>
    </peripheral>
    <peripheral name="PORTC" link="PORTC.xml">
      <alias type="type" value="PORT"/>
    </peripheral>
    <peripheral name="PORTB" link="PORTB.xml">
      <alias type="type" value="PORT"/>
    </peripheral>
    <peripheral name="PORTA" link="PORTA.xml">
      <alias type="type" value="PORT"/>
    </peripheral>
    <peripheral name="PMC" link="PMC.xml">
      <alias type="type" value="PMC"/>
    </peripheral>
    <peripheral name="PIT" link="PIT.xml">
      <alias type="type" value="PIT"/>
    </peripheral>
    <peripheral name="PDB0" link="PDB0.xml">
      <alias type="type" value="PDB"/>
    </peripheral>
    <peripheral name="OSC" link="OSC.xml">
      <alias type="id" value="OSC0"/>
      <alias type="type" value="OSC"/>
    </peripheral>
    <peripheral name="NVIC" link="NVIC.xml">
      <alias type="type" value="NVIC"/>
    </peripheral>
    <peripheral name="MCM" link="MCM.xml">
      <alias type="type" value="MCM"/>
    </peripheral>
    <peripheral name="MCG" link="MCG.xml">
      <alias type="type" value="MCG"/>
    </peripheral>
    <peripheral name="LPTMR0" link="LPTMR0.xml">
      <alias type="type" value="LPTMR"/>
    </peripheral>
    <peripheral name="LLWU" link="LLWU.xml">
      <alias type="type" value="LLWU"/>
    </peripheral>
    <peripheral name="ITM" link="ITM.xml">
      <alias type="type" value="ITM"/>
    </peripheral>
    <peripheral name="I2S0" link="I2S0.xml">
      <alias type="type" value="I2S"/>
    </peripheral>
    <peripheral name="I2C2" link="I2C2.xml">
      <alias type="type" value="I2C"/>
    </peripheral>
    <peripheral name="I2C1" link="I2C1.xml">
      <alias type="type" value="I2C"/>
    </peripheral>
    <peripheral name="I2C0" link="I2C0.xml">
      <alias type="type" value="I2C"/>
    </peripheral>
    <peripheral name="GPIOE" link="GPIOE.xml">
      <alias type="type" value="GPIO"/>
    </peripheral>
    <peripheral name="GPIOD" link="GPIOD.xml">
      <alias type="type" value="GPIO"/>
    </peripheral>
    <peripheral name="GPIOC" link="GPIOC.xml">
      <alias type="type" value="GPIO"/>
    </peripheral>
    <peripheral name="GPIOB" link="GPIOB.xml">
      <alias type="type" value="GPIO"/>
    </peripheral>
    <peripheral name="GPIOA" link="GPIOA.xml">
      <alias type="type" value="GPIO"/>
    </peripheral>
    <peripheral name="FTM3" link="FTM3.xml">
      <alias type="type" value="FTM"/>
    </peripheral>
    <peripheral name="FTM2" link="FTM2.xml">
      <alias type="type" value="FTM"/>
    </peripheral>
    <peripheral name="FTM1" link="FTM1.xml">
      <alias type="type" value="FTM"/>
    </peripheral>
    <peripheral name="FTM0" link="FTM0.xml">
      <alias type="type" value="FTM"/>
    </peripheral>
    <peripheral name="FTFE_FlashConfig" link="FTFE_FlashConfig.xml">
      <alias type="type" value="NV"/>
    </peripheral>
    <peripheral name="FTFE" link="FTFE.xml">
      <alias type="type" value="FTFE"/>
    </peripheral>
    <peripheral name="FPB" link="FPB.xml">
      <alias type="type" value="FPB"/>
    </peripheral>
    <peripheral name="FMC" link="FMC.xml">
      <alias type="type" value="FMC"/>
    </peripheral>
    <peripheral name="FB" link="FB.xml">
      <alias type="type" value="FB"/>
    </peripheral>
    <peripheral name="EWM" link="EWM.xml">
      <alias type="type" value="EWM"/>
    </peripheral>
    <peripheral name="ETM" link="ETM.xml">
      <alias type="type" value="ETM"/>
    </peripheral>
    <peripheral name="ETF" link="ETF.xml">
      <alias type="type" value="ETF"/>
    </peripheral>
    <peripheral name="ETB" link="ETB.xml">
      <alias type="type" value="ETB"/>
    </peripheral>
    <peripheral name="ENET" link="ENET.xml">
      <alias type="type" value="ENET"/>
    </peripheral>
    <peripheral name="DWT" link="DWT.xml">
      <alias type="type" value="DWT"/>
    </peripheral>
    <peripheral name="DMAMUX" link="DMAMUX.xml">
      <alias type="type" value="DMAMUX"/>
    </peripheral>
    <peripheral name="DMA" link="DMA.xml">
      <alias type="type" value="DMA"/>
    </peripheral>
    <peripheral name="DAC1" link="DAC1.xml">
      <alias type="type" value="DAC"/>
    </peripheral>
    <peripheral name="DAC0" link="DAC0.xml">
      <alias type="type" value="DAC"/>
    </peripheral>
    <peripheral name="CoreDebug" link="CoreDebug.xml">
      <alias type="type" value="CoreDebug"/>
    </peripheral>
    <peripheral name="CRC" link="CRC.xml">
      <alias type="type" value="CRC"/>
    </peripheral>
    <peripheral name="CMT" link="CMT.xml">
      <alias type="type" value="CMT"/>
    </peripheral>
    <peripheral name="CMP2" link="CMP2.xml">
      <alias type="type" value="CMP"/>
    </peripheral>
    <peripheral name="CMP1" link="CMP1.xml">
      <alias type="type" value="CMP"/>
    </peripheral>
    <peripheral name="CMP0" link="CMP0.xml">
      <alias type="type" value="CMP"/>
    </peripheral>
    <peripheral name="CAU" link="CAU.xml">
      <alias type="type" value="CAU"/>
    </peripheral>
    <peripheral name="CAN0" link="CAN0.xml">
      <alias type="type" value="CAN"/>
    </peripheral>
    <peripheral name="AXBS" link="AXBS.xml">
      <alias type="type" value="AXBS"/>
    </peripheral>
    <peripheral name="AIPS1" link="AIPS1.xml">
      <alias type="type" value="AIPS"/>
    </peripheral>
    <peripheral name="AIPS0" link="AIPS0.xml">
      <alias type="type" value="AIPS"/>
    </peripheral>
    <peripheral name="ADC1" link="ADC1.xml">
      <alias type="type" value="ADC"/>
    </peripheral>
    <peripheral name="ADC0" link="ADC0.xml">
      <alias type="type" value="ADC"/>
    </peripheral>
  </peripherals>
  <clock_gates>
    <clock_gate name="ADC0">
      <control peripheral="SIM" register="SCGC6" bit_field="ADC0">
        <state name="enabled" value="1"/>
        <state name="disabled" value="0"/>
      </control>
      <peripheral name="ADC0"/>
    </clock_gate>
    <clock_gate name="ADC1">
      <control peripheral="SIM" register="SCGC3" bit_field="ADC1">
        <state name="enabled" value="1"/>
        <state name="disabled" value="0"/>
      </control>
      <peripheral name="ADC1"/>
    </clock_gate>
    <clock_gate name="CAN0">
      <control peripheral="SIM" register="SCGC6" bit_field="FLEXCAN0">
        <state name="enabled" value="1"/>
        <state name="disabled" value="0"/>
      </control>
      <peripheral name="CAN0"/>
    </clock_gate>
    <clock_gate name="CMP">
      <control peripheral="SIM" register="SCGC4" bit_field="CMP">
        <state name="enabled" value="1"/>
        <state name="disabled" value="0"/>
      </control>
      <peripheral name="CMP0"/>
      <peripheral name="CMP1"/>
      <peripheral name="CMP2"/>
    </clock_gate>
    <clock_gate name="CMT">
      <control peripheral="SIM" register="SCGC4" bit_field="CMT">
        <state name="enabled" value="1"/>
        <state name="disabled" value="0"/>
      </control>
      <peripheral name="CMT"/>
    </clock_gate>
    <clock_gate name="CRC">
      <control peripheral="SIM" register="SCGC6" bit_field="CRC">
        <state name="enabled" value="1"/>
        <state name="disabled" value="0"/>
      </control>
      <peripheral name="CRC"/>
    </clock_gate>
    <clock_gate name="DAC0">
      <control peripheral="SIM" register="SCGC2" bit_field="DAC0">
        <state name="enabled" value="1"/>
        <state name="disabled" value="0"/>
      </control>
      <peripheral name="DAC0"/>
    </clock_gate>
    <clock_gate name="DAC1">
      <control peripheral="SIM" register="SCGC2" bit_field="DAC1">
        <state name="enabled" value="1"/>
        <state name="disabled" value="0"/>
      </control>
      <peripheral name="DAC1"/>
    </clock_gate>
    <clock_gate name="DMA">
      <control peripheral="SIM" register="SCGC7" bit_field="DMA">
        <state name="enabled" value="1"/>
        <state name="disabled" value="0"/>
      </control>
      <peripheral name="DMA"/>
    </clock_gate>
    <clock_gate name="DMAMUX">
      <control peripheral="SIM" register="SCGC6" bit_field="DMAMUX">
        <state name="enabled" value="1"/>
        <state name="disabled" value="0"/>
      </control>
      <peripheral name="DMAMUX"/>
    </clock_gate>
    <clock_gate name="ENET">
      <control peripheral="SIM" register="SCGC2" bit_field="ENET">
        <state name="enabled" value="1"/>
        <state name="disabled" value="0"/>
      </control>
      <peripheral name="ENET"/>
    </clock_gate>
    <clock_gate name="EWM">
      <control peripheral="SIM" register="SCGC4" bit_field="EWM">
        <state name="enabled" value="1"/>
        <state name="disabled" value="0"/>
      </control>
      <peripheral name="EWM"/>
    </clock_gate>
    <clock_gate name="FB">
      <control peripheral="SIM" register="SCGC7" bit_field="FLEXBUS">
        <state name="enabled" value="1"/>
        <state name="disabled" value="0"/>
      </control>
      <peripheral name="FB"/>
    </clock_gate>
    <clock_gate name="FTFE">
      <control peripheral="SIM" register="SCGC6" bit_field="FTF">
        <state name="enabled" value="1"/>
        <state name="disabled" value="0"/>
      </control>
      <peripheral name="FTFE"/>
    </clock_gate>
    <clock_gate name="FTM0">
      <control peripheral="SIM" register="SCGC6" bit_field="FTM0">
        <state name="enabled" value="1"/>
        <state name="disabled" value="0"/>
      </control>
      <peripheral name="FTM0"/>
    </clock_gate>
    <clock_gate name="FTM1">
      <control peripheral="SIM" register="SCGC6" bit_field="FTM1">
        <state name="enabled" value="1"/>
        <state name="disabled" value="0"/>
      </control>
      <peripheral name="FTM1"/>
    </clock_gate>
    <clock_gate name="FTM2">
      <control peripheral="SIM" register="SCGC6" bit_field="FTM2">
        <state name="enabled" value="1"/>
        <state name="disabled" value="0"/>
      </control>
      <peripheral name="FTM2"/>
    </clock_gate>
    <clock_gate name="FTM3">
      <control peripheral="SIM" register="SCGC3" bit_field="FTM3">
        <state name="enabled" value="1"/>
        <state name="disabled" value="0"/>
      </control>
      <peripheral name="FTM3"/>
    </clock_gate>
    <clock_gate name="I2C0">
      <control peripheral="SIM" register="SCGC4" bit_field="I2C0">
        <state name="enabled" value="1"/>
        <state name="disabled" value="0"/>
      </control>
      <peripheral name="I2C0"/>
    </clock_gate>
    <clock_gate name="I2C1">
      <control peripheral="SIM" register="SCGC4" bit_field="I2C1">
        <state name="enabled" value="1"/>
        <state name="disabled" value="0"/>
      </control>
      <peripheral name="I2C1"/>
    </clock_gate>
    <clock_gate name="I2C2">
      <control peripheral="SIM" register="SCGC1" bit_field="I2C2">
        <state name="enabled" value="1"/>
        <state name="disabled" value="0"/>
      </control>
      <peripheral name="I2C2"/>
    </clock_gate>
    <clock_gate name="I2S0">
      <control peripheral="SIM" register="SCGC6" bit_field="I2S">
        <state name="enabled" value="1"/>
        <state name="disabled" value="0"/>
      </control>
      <peripheral name="I2S0"/>
    </clock_gate>
    <clock_gate name="LPTMR0">
      <control peripheral="SIM" register="SCGC5" bit_field="LPTMR">
        <state name="enabled" value="1"/>
        <state name="disabled" value="0"/>
      </control>
      <peripheral name="LPTMR0"/>
    </clock_gate>
    <clock_gate name="PDB0">
      <control peripheral="SIM" register="SCGC6" bit_field="PDB">
        <state name="enabled" value="1"/>
        <state name="disabled" value="0"/>
      </control>
      <peripheral name="PDB0"/>
    </clock_gate>
    <clock_gate name="PIT">
      <control peripheral="SIM" register="SCGC6" bit_field="PIT">
        <state name="enabled" value="1"/>
        <state name="disabled" value="0"/>
      </control>
      <peripheral name="PIT"/>
    </clock_gate>
    <clock_gate name="PORTA">
      <control peripheral="SIM" register="SCGC5" bit_field="PORTA">
        <state name="enabled" value="1"/>
        <state name="disabled" value="0"/>
      </control>
      <peripheral name="PORTA"/>
    </clock_gate>
    <clock_gate name="PORTB">
      <control peripheral="SIM" register="SCGC5" bit_field="PORTB">
        <state name="enabled" value="1"/>
        <state name="disabled" value="0"/>
      </control>
      <peripheral name="PORTB"/>
    </clock_gate>
    <clock_gate name="PORTC">
      <control peripheral="SIM" register="SCGC5" bit_field="PORTC">
        <state name="enabled" value="1"/>
        <state name="disabled" value="0"/>
      </control>
      <peripheral name="PORTC"/>
    </clock_gate>
    <clock_gate name="PORTD">
      <control peripheral="SIM" register="SCGC5" bit_field="PORTD">
        <state name="enabled" value="1"/>
        <state name="disabled" value="0"/>
      </control>
      <peripheral name="PORTD"/>
    </clock_gate>
    <clock_gate name="PORTE">
      <control peripheral="SIM" register="SCGC5" bit_field="PORTE">
        <state name="enabled" value="1"/>
        <state name="disabled" value="0"/>
      </control>
      <peripheral name="PORTE"/>
    </clock_gate>
    <clock_gate name="RNG">
      <control peripheral="SIM" register="SCGC6" bit_field="RNGA">
        <state name="enabled" value="1"/>
        <state name="disabled" value="0"/>
      </control>
      <peripheral name="RNG"/>
    </clock_gate>
    <clock_gate name="RTC">
      <control peripheral="SIM" register="SCGC6" bit_field="RTC">
        <state name="enabled" value="1"/>
        <state name="disabled" value="0"/>
      </control>
      <peripheral name="RTC"/>
    </clock_gate>
    <clock_gate name="SDHC">
      <control peripheral="SIM" register="SCGC3" bit_field="SDHC">
        <state name="enabled" value="1"/>
        <state name="disabled" value="0"/>
      </control>
      <peripheral name="SDHC"/>
    </clock_gate>
    <clock_gate name="SPI0">
      <control peripheral="SIM" register="SCGC6" bit_field="SPI0">
        <state name="enabled" value="1"/>
        <state name="disabled" value="0"/>
      </control>
      <peripheral name="SPI0"/>
    </clock_gate>
    <clock_gate name="SPI1">
      <control peripheral="SIM" register="SCGC6" bit_field="SPI1">
        <state name="enabled" value="1"/>
        <state name="disabled" value="0"/>
      </control>
      <peripheral name="SPI1"/>
    </clock_gate>
    <clock_gate name="SPI2">
      <control peripheral="SIM" register="SCGC3" bit_field="SPI2">
        <state name="enabled" value="1"/>
        <state name="disabled" value="0"/>
      </control>
      <peripheral name="SPI2"/>
    </clock_gate>
    <clock_gate name="SYSMPU">
      <control peripheral="SIM" register="SCGC7" bit_field="MPU">
        <state name="enabled" value="1"/>
        <state name="disabled" value="0"/>
      </control>
      <peripheral name="SYSMPU"/>
    </clock_gate>
    <clock_gate name="UART0">
      <control peripheral="SIM" register="SCGC4" bit_field="UART0">
        <state name="enabled" value="1"/>
        <state name="disabled" value="0"/>
      </control>
      <peripheral name="UART0"/>
    </clock_gate>
    <clock_gate name="UART1">
      <control peripheral="SIM" register="SCGC4" bit_field="UART1">
        <state name="enabled" value="1"/>
        <state name="disabled" value="0"/>
      </control>
      <peripheral name="UART1"/>
    </clock_gate>
    <clock_gate name="UART2">
      <control peripheral="SIM" register="SCGC4" bit_field="UART2">
        <state name="enabled" value="1"/>
        <state name="disabled" value="0"/>
      </control>
      <peripheral name="UART2"/>
    </clock_gate>
    <clock_gate name="UART3">
      <control peripheral="SIM" register="SCGC4" bit_field="UART3">
        <state name="enabled" value="1"/>
        <state name="disabled" value="0"/>
      </control>
      <peripheral name="UART3"/>
    </clock_gate>
    <clock_gate name="UART4">
      <control peripheral="SIM" register="SCGC1" bit_field="UART4">
        <state name="enabled" value="1"/>
        <state name="disabled" value="0"/>
      </control>
      <peripheral name="UART4"/>
    </clock_gate>
    <clock_gate name="UART5">
      <control peripheral="SIM" register="SCGC1" bit_field="UART5">
        <state name="enabled" value="1"/>
        <state name="disabled" value="0"/>
      </control>
      <peripheral name="UART5"/>
    </clock_gate>
    <clock_gate name="USB0">
      <control peripheral="SIM" register="SCGC4" bit_field="USBOTG">
        <state name="enabled" value="1"/>
        <state name="disabled" value="0"/>
      </control>
      <peripheral name="USB0"/>
    </clock_gate>
    <clock_gate name="USBDCD">
      <control peripheral="SIM" register="SCGC6" bit_field="USBDCD">
        <state name="enabled" value="1"/>
        <state name="disabled" value="0"/>
      </control>
      <peripheral name="USBDCD"/>
    </clock_gate>
    <clock_gate name="VREF">
      <control peripheral="SIM" register="SCGC4" bit_field="VREF">
        <state name="enabled" value="1"/>
        <state name="disabled" value="0"/>
      </control>
      <peripheral name="VREF"/>
    </clock_gate>
  </clock_gates>
</regs:registers>