<?xml version="1.0"?>
<regs:peripheral xmlns:regs="http://swtools.freescale.net/XSD/registers/1.0/regsPeripheral.xsd" xmlns:xsi="http://www.w3.org/2001/XMLSchema-instance" xsi:schemaLocation="http://swtools.freescale.net/XSD/registers/1.0/regsPeripheral.xsd http://swtools.freescale.net/XSD/registers/1.0/regsPeripheral.xsd">
  <register offset="0" width="32" name="REG0" description="VBAT register file register">
    <alias type="CMSIS" value="REG[0]"/>
    <bit_field offset="0" width="8" name="LL" access="RW" reset_value="0" description="Low lower byte">
      <alias type="CMSIS" value="RFVBAT_REG_LL(x)"/>
    </bit_field>
    <bit_field offset="8" width="8" name="LH" access="RW" reset_value="0" description="Low higher byte">
      <alias type="CMSIS" value="RFVBAT_REG_LH(x)"/>
    </bit_field>
    <bit_field offset="16" width="8" name="HL" access="RW" reset_value="0" description="High lower byte">
      <alias type="CMSIS" value="RFVBAT_REG_HL(x)"/>
    </bit_field>
    <bit_field offset="24" width="8" name="HH" access="RW" reset_value="0" description="High higher byte">
      <alias type="CMSIS" value="RFVBAT_REG_HH(x)"/>
    </bit_field>
  </register>
  <register offset="0x4" width="32" name="REG1" description="VBAT register file register">
    <alias type="CMSIS" value="REG[1]"/>
    <bit_field offset="0" width="8" name="LL" access="RW" reset_value="0" description="Low lower byte">
      <alias type="CMSIS" value="RFVBAT_REG_LL(x)"/>
    </bit_field>
    <bit_field offset="8" width="8" name="LH" access="RW" reset_value="0" description="Low higher byte">
      <alias type="CMSIS" value="RFVBAT_REG_LH(x)"/>
    </bit_field>
    <bit_field offset="16" width="8" name="HL" access="RW" reset_value="0" description="High lower byte">
      <alias type="CMSIS" value="RFVBAT_REG_HL(x)"/>
    </bit_field>
    <bit_field offset="24" width="8" name="HH" access="RW" reset_value="0" description="High higher byte">
      <alias type="CMSIS" value="RFVBAT_REG_HH(x)"/>
    </bit_field>
  </register>
  <register offset="0x8" width="32" name="REG2" description="VBAT register file register">
    <alias type="CMSIS" value="REG[2]"/>
    <bit_field offset="0" width="8" name="LL" access="RW" reset_value="0" description="Low lower byte">
      <alias type="CMSIS" value="RFVBAT_REG_LL(x)"/>
    </bit_field>
    <bit_field offset="8" width="8" name="LH" access="RW" reset_value="0" description="Low higher byte">
      <alias type="CMSIS" value="RFVBAT_REG_LH(x)"/>
    </bit_field>
    <bit_field offset="16" width="8" name="HL" access="RW" reset_value="0" description="High lower byte">
      <alias type="CMSIS" value="RFVBAT_REG_HL(x)"/>
    </bit_field>
    <bit_field offset="24" width="8" name="HH" access="RW" reset_value="0" description="High higher byte">
      <alias type="CMSIS" value="RFVBAT_REG_HH(x)"/>
    </bit_field>
  </register>
  <register offset="0xC" width="32" name="REG3" description="VBAT register file register">
    <alias type="CMSIS" value="REG[3]"/>
    <bit_field offset="0" width="8" name="LL" access="RW" reset_value="0" description="Low lower byte">
      <alias type="CMSIS" value="RFVBAT_REG_LL(x)"/>
    </bit_field>
    <bit_field offset="8" width="8" name="LH" access="RW" reset_value="0" description="Low higher byte">
      <alias type="CMSIS" value="RFVBAT_REG_LH(x)"/>
    </bit_field>
    <bit_field offset="16" width="8" name="HL" access="RW" reset_value="0" description="High lower byte">
      <alias type="CMSIS" value="RFVBAT_REG_HL(x)"/>
    </bit_field>
    <bit_field offset="24" width="8" name="HH" access="RW" reset_value="0" description="High higher byte">
      <alias type="CMSIS" value="RFVBAT_REG_HH(x)"/>
    </bit_field>
  </register>
  <register offset="0x10" width="32" name="REG4" description="VBAT register file register">
    <alias type="CMSIS" value="REG[4]"/>
    <bit_field offset="0" width="8" name="LL" access="RW" reset_value="0" description="Low lower byte">
      <alias type="CMSIS" value="RFVBAT_REG_LL(x)"/>
    </bit_field>
    <bit_field offset="8" width="8" name="LH" access="RW" reset_value="0" description="Low higher byte">
      <alias type="CMSIS" value="RFVBAT_REG_LH(x)"/>
    </bit_field>
    <bit_field offset="16" width="8" name="HL" access="RW" reset_value="0" description="High lower byte">
      <alias type="CMSIS" value="RFVBAT_REG_HL(x)"/>
    </bit_field>
    <bit_field offset="24" width="8" name="HH" access="RW" reset_value="0" description="High higher byte">
      <alias type="CMSIS" value="RFVBAT_REG_HH(x)"/>
    </bit_field>
  </register>
  <register offset="0x14" width="32" name="REG5" description="VBAT register file register">
    <alias type="CMSIS" value="REG[5]"/>
    <bit_field offset="0" width="8" name="LL" access="RW" reset_value="0" description="Low lower byte">
      <alias type="CMSIS" value="RFVBAT_REG_LL(x)"/>
    </bit_field>
    <bit_field offset="8" width="8" name="LH" access="RW" reset_value="0" description="Low higher byte">
      <alias type="CMSIS" value="RFVBAT_REG_LH(x)"/>
    </bit_field>
    <bit_field offset="16" width="8" name="HL" access="RW" reset_value="0" description="High lower byte">
      <alias type="CMSIS" value="RFVBAT_REG_HL(x)"/>
    </bit_field>
    <bit_field offset="24" width="8" name="HH" access="RW" reset_value="0" description="High higher byte">
      <alias type="CMSIS" value="RFVBAT_REG_HH(x)"/>
    </bit_field>
  </register>
  <register offset="0x18" width="32" name="REG6" description="VBAT register file register">
    <alias type="CMSIS" value="REG[6]"/>
    <bit_field offset="0" width="8" name="LL" access="RW" reset_value="0" description="Low lower byte">
      <alias type="CMSIS" value="RFVBAT_REG_LL(x)"/>
    </bit_field>
    <bit_field offset="8" width="8" name="LH" access="RW" reset_value="0" description="Low higher byte">
      <alias type="CMSIS" value="RFVBAT_REG_LH(x)"/>
    </bit_field>
    <bit_field offset="16" width="8" name="HL" access="RW" reset_value="0" description="High lower byte">
      <alias type="CMSIS" value="RFVBAT_REG_HL(x)"/>
    </bit_field>
    <bit_field offset="24" width="8" name="HH" access="RW" reset_value="0" description="High higher byte">
      <alias type="CMSIS" value="RFVBAT_REG_HH(x)"/>
    </bit_field>
  </register>
  <register offset="0x1C" width="32" name="REG7" description="VBAT register file register">
    <alias type="CMSIS" value="REG[7]"/>
    <bit_field offset="0" width="8" name="LL" access="RW" reset_value="0" description="Low lower byte">
      <alias type="CMSIS" value="RFVBAT_REG_LL(x)"/>
    </bit_field>
    <bit_field offset="8" width="8" name="LH" access="RW" reset_value="0" description="Low higher byte">
      <alias type="CMSIS" value="RFVBAT_REG_LH(x)"/>
    </bit_field>
    <bit_field offset="16" width="8" name="HL" access="RW" reset_value="0" description="High lower byte">
      <alias type="CMSIS" value="RFVBAT_REG_HL(x)"/>
    </bit_field>
    <bit_field offset="24" width="8" name="HH" access="RW" reset_value="0" description="High higher byte">
      <alias type="CMSIS" value="RFVBAT_REG_HH(x)"/>
    </bit_field>
  </register>
</regs:peripheral>