<?xml version="1.0"?>
<regs:peripheral xmlns:regs="http://swtools.freescale.net/XSD/registers/1.0/regsPeripheral.xsd" xmlns:xsi="http://www.w3.org/2001/XMLSchema-instance" xsi:schemaLocation="http://swtools.freescale.net/XSD/registers/1.0/regsPeripheral.xsd http://swtools.freescale.net/XSD/registers/1.0/regsPeripheral.xsd">
  <register offset="0" width="8" name="PMPROT" description="Power Mode Protection register">
    <alias type="CMSIS" value="PMPROT"/>
    <reserved_bit_field offset="0" width="1" reset_value="0"/>
    <bit_field offset="1" width="1" name="AVLLS" access="RW" reset_value="0" description="Allow Very-Low-Leakage Stop Mode">
      <alias type="CMSIS" value="SMC_PMPROT_AVLLS(x)"/>
    </bit_field>
    <reserved_bit_field offset="2" width="1" reset_value="0"/>
    <bit_field offset="3" width="1" name="ALLS" access="RW" reset_value="0" description="Allow Low-Leakage Stop Mode">
      <alias type="CMSIS" value="SMC_PMPROT_ALLS(x)"/>
    </bit_field>
    <reserved_bit_field offset="4" width="1" reset_value="0"/>
    <bit_field offset="5" width="1" name="AVLP" access="RW" reset_value="0" description="Allow Very-Low-Power Modes">
      <alias type="CMSIS" value="SMC_PMPROT_AVLP(x)"/>
    </bit_field>
    <reserved_bit_field offset="6" width="1" reset_value="0"/>
    <reserved_bit_field offset="7" width="1" reset_value="0"/>
  </register>
  <register offset="0x1" width="8" name="PMCTRL" description="Power Mode Control register">
    <alias type="CMSIS" value="PMCTRL"/>
    <bit_field offset="0" width="3" name="STOPM" access="RW" reset_value="0" description="Stop Mode Control">
      <alias type="CMSIS" value="SMC_PMCTRL_STOPM(x)"/>
    </bit_field>
    <bit_field offset="3" width="1" name="STOPA" access="RO" reset_value="0" description="Stop Aborted">
      <alias type="CMSIS" value="SMC_PMCTRL_STOPA(x)"/>
    </bit_field>
    <reserved_bit_field offset="4" width="1" reset_value="0"/>
    <bit_field offset="5" width="2" name="RUNM" access="RW" reset_value="0" description="Run Mode Control">
      <alias type="CMSIS" value="SMC_PMCTRL_RUNM(x)"/>
    </bit_field>
    <bit_field offset="7" width="1" name="LPWUI" access="RW" reset_value="0" description="Low-Power Wake Up On Interrupt">
      <alias type="CMSIS" value="SMC_PMCTRL_LPWUI(x)"/>
    </bit_field>
  </register>
  <register offset="0x2" width="8" name="VLLSCTRL" description="VLLS Control register">
    <alias type="CMSIS" value="VLLSCTRL"/>
    <bit_field offset="0" width="3" name="VLLSM" access="RW" reset_value="0x3" description="VLLS Mode Control">
      <alias type="CMSIS" value="SMC_VLLSCTRL_VLLSM(x)"/>
    </bit_field>
    <reserved_bit_field offset="3" width="1" reset_value="0"/>
    <reserved_bit_field offset="4" width="1" reset_value="0"/>
    <bit_field offset="5" width="1" name="PORPO" access="RW" reset_value="0" description="POR Power Option">
      <alias type="CMSIS" value="SMC_VLLSCTRL_PORPO(x)"/>
    </bit_field>
    <reserved_bit_field offset="6" width="2" reset_value="0"/>
  </register>
  <register offset="0x3" width="8" name="PMSTAT" description="Power Mode Status register">
    <alias type="CMSIS" value="PMSTAT"/>
    <bit_field offset="0" width="7" name="PMSTAT" access="RO" reset_value="0x1" description="When debug is enabled, the PMSTAT will not update to STOP or VLPS">
      <alias type="CMSIS" value="SMC_PMSTAT_PMSTAT(x)"/>
    </bit_field>
    <reserved_bit_field offset="7" width="1" reset_value="0"/>
  </register>
</regs:peripheral>