<?xml version="1.0"?>
<regs:peripheral xmlns:regs="http://swtools.freescale.net/XSD/registers/1.0/regsPeripheral.xsd" xmlns:xsi="http://www.w3.org/2001/XMLSchema-instance" xsi:schemaLocation="http://swtools.freescale.net/XSD/registers/1.0/regsPeripheral.xsd http://swtools.freescale.net/XSD/registers/1.0/regsPeripheral.xsd">
  <register offset="0" width="32" name="MCR" description="Module Configuration Register">
    <alias type="CMSIS" value="MCR"/>
    <bit_field offset="0" width="1" name="HALT" access="RW" reset_value="0x1" description="Halt">
      <alias type="CMSIS" value="SPI_MCR_HALT(x)"/>
    </bit_field>
    <reserved_bit_field offset="1" width="1" reset_value="0"/>
    <reserved_bit_field offset="2" width="1" reset_value="0"/>
    <reserved_bit_field offset="3" width="5" reset_value="0"/>
    <bit_field offset="8" width="2" name="SMPL_PT" access="RW" reset_value="0" description="Sample Point">
      <alias type="CMSIS" value="SPI_MCR_SMPL_PT(x)"/>
    </bit_field>
    <bit_field offset="10" width="1" name="CLR_RXF" access="WORZ" reset_value="0" description="Flushes the RX FIFO. Writing a 1 to CLR_RXF clears the RX Counter. The CLR_RXF bit is always read as zero.">
      <alias type="CMSIS" value="SPI_MCR_CLR_RXF(x)"/>
    </bit_field>
    <bit_field offset="11" width="1" name="CLR_TXF" access="WORZ" reset_value="0" description="Clear TX FIFO">
      <alias type="CMSIS" value="SPI_MCR_CLR_TXF(x)"/>
    </bit_field>
    <bit_field offset="12" width="1" name="DIS_RXF" access="RW" reset_value="0" description="Disable Receive FIFO">
      <alias type="CMSIS" value="SPI_MCR_DIS_RXF(x)"/>
    </bit_field>
    <bit_field offset="13" width="1" name="DIS_TXF" access="RW" reset_value="0" description="Disable Transmit FIFO">
      <alias type="CMSIS" value="SPI_MCR_DIS_TXF(x)"/>
    </bit_field>
    <bit_field offset="14" width="1" name="MDIS" access="RW" reset_value="0x1" description="Module Disable">
      <alias type="CMSIS" value="SPI_MCR_MDIS(x)"/>
    </bit_field>
    <bit_field offset="15" width="1" name="DOZE" access="RW" reset_value="0" description="Doze Enable">
      <alias type="CMSIS" value="SPI_MCR_DOZE(x)"/>
    </bit_field>
    <bit_field offset="16" width="6" name="PCSIS" access="RW" reset_value="0" description="Peripheral Chip Select x Inactive State">
      <alias type="CMSIS" value="SPI_MCR_PCSIS(x)"/>
    </bit_field>
    <reserved_bit_field offset="22" width="2" reset_value="0"/>
    <bit_field offset="24" width="1" name="ROOE" access="RW" reset_value="0" description="Receive FIFO Overflow Overwrite Enable">
      <alias type="CMSIS" value="SPI_MCR_ROOE(x)"/>
    </bit_field>
    <bit_field offset="25" width="1" name="PCSSE" access="RW" reset_value="0" description="Peripheral Chip Select Strobe Enable">
      <alias type="CMSIS" value="SPI_MCR_PCSSE(x)"/>
    </bit_field>
    <bit_field offset="26" width="1" name="MTFE" access="RW" reset_value="0" description="Modified Timing Format Enable">
      <alias type="CMSIS" value="SPI_MCR_MTFE(x)"/>
    </bit_field>
    <bit_field offset="27" width="1" name="FRZ" access="RW" reset_value="0" description="Freeze">
      <alias type="CMSIS" value="SPI_MCR_FRZ(x)"/>
    </bit_field>
    <bit_field offset="28" width="2" name="DCONF" access="RO" reset_value="0" description="SPI Configuration.">
      <alias type="CMSIS" value="SPI_MCR_DCONF(x)"/>
    </bit_field>
    <bit_field offset="30" width="1" name="CONT_SCKE" access="RW" reset_value="0" description="Continuous SCK Enable">
      <alias type="CMSIS" value="SPI_MCR_CONT_SCKE(x)"/>
    </bit_field>
    <bit_field offset="31" width="1" name="MSTR" access="RW" reset_value="0" description="Master/Slave Mode Select">
      <alias type="CMSIS" value="SPI_MCR_MSTR(x)"/>
    </bit_field>
  </register>
  <register offset="0x8" width="32" name="TCR" description="Transfer Count Register">
    <alias type="CMSIS" value="TCR"/>
    <reserved_bit_field offset="0" width="16" reset_value="0"/>
    <bit_field offset="16" width="16" name="SPI_TCNT" access="RW" reset_value="0" description="SPI Transfer Counter">
      <alias type="CMSIS" value="SPI_TCR_SPI_TCNT(x)"/>
    </bit_field>
  </register>
  <register offset="0xC" width="32" name="CTAR0_SLAVE" description="Clock and Transfer Attributes Register (In Slave Mode)">
    <alias type="CMSIS" value="CTAR_SLAVE[0]"/>
    <reserved_bit_field offset="0" width="22" reset_value="0"/>
    <reserved_bit_field offset="22" width="1" reset_value="0"/>
    <reserved_bit_field offset="23" width="2" reset_value="0"/>
    <bit_field offset="25" width="1" name="CPHA" access="RW" reset_value="0" description="Clock Phase">
      <alias type="CMSIS" value="SPI_CTAR_SLAVE_CPHA(x)"/>
    </bit_field>
    <bit_field offset="26" width="1" name="CPOL" access="RW" reset_value="0" description="Clock Polarity">
      <alias type="CMSIS" value="SPI_CTAR_SLAVE_CPOL(x)"/>
    </bit_field>
    <bit_field offset="27" width="5" name="FMSZ" access="RW" reset_value="0xF" description="Frame Size">
      <alias type="CMSIS" value="SPI_CTAR_SLAVE_FMSZ(x)"/>
    </bit_field>
  </register>
  <register offset="0xC" width="32" name="CTAR0" description="Clock and Transfer Attributes Register (In Master Mode)">
    <alias type="CMSIS" value="CTAR[0]"/>
    <bit_field offset="0" width="4" name="BR" access="RW" reset_value="0" description="Baud Rate Scaler">
      <alias type="CMSIS" value="SPI_CTAR_BR(x)"/>
    </bit_field>
    <bit_field offset="4" width="4" name="DT" access="RW" reset_value="0" description="Delay After Transfer Scaler">
      <alias type="CMSIS" value="SPI_CTAR_DT(x)"/>
    </bit_field>
    <bit_field offset="8" width="4" name="ASC" access="RW" reset_value="0" description="After SCK Delay Scaler">
      <alias type="CMSIS" value="SPI_CTAR_ASC(x)"/>
    </bit_field>
    <bit_field offset="12" width="4" name="CSSCK" access="RW" reset_value="0" description="PCS to SCK Delay Scaler">
      <alias type="CMSIS" value="SPI_CTAR_CSSCK(x)"/>
    </bit_field>
    <bit_field offset="16" width="2" name="PBR" access="RW" reset_value="0" description="Baud Rate Prescaler">
      <alias type="CMSIS" value="SPI_CTAR_PBR(x)"/>
    </bit_field>
    <bit_field offset="18" width="2" name="PDT" access="RW" reset_value="0" description="Delay after Transfer Prescaler">
      <alias type="CMSIS" value="SPI_CTAR_PDT(x)"/>
    </bit_field>
    <bit_field offset="20" width="2" name="PASC" access="RW" reset_value="0" description="After SCK Delay Prescaler">
      <alias type="CMSIS" value="SPI_CTAR_PASC(x)"/>
    </bit_field>
    <bit_field offset="22" width="2" name="PCSSCK" access="RW" reset_value="0" description="PCS to SCK Delay Prescaler">
      <alias type="CMSIS" value="SPI_CTAR_PCSSCK(x)"/>
    </bit_field>
    <bit_field offset="24" width="1" name="LSBFE" access="RW" reset_value="0" description="LSB First">
      <alias type="CMSIS" value="SPI_CTAR_LSBFE(x)"/>
    </bit_field>
    <bit_field offset="25" width="1" name="CPHA" access="RW" reset_value="0" description="Clock Phase">
      <alias type="CMSIS" value="SPI_CTAR_CPHA(x)"/>
    </bit_field>
    <bit_field offset="26" width="1" name="CPOL" access="RW" reset_value="0" description="Clock Polarity">
      <alias type="CMSIS" value="SPI_CTAR_CPOL(x)"/>
    </bit_field>
    <bit_field offset="27" width="4" name="FMSZ" access="RW" reset_value="0xF" description="Frame Size">
      <alias type="CMSIS" value="SPI_CTAR_FMSZ(x)"/>
    </bit_field>
    <bit_field offset="31" width="1" name="DBR" access="RW" reset_value="0" description="Double Baud Rate">
      <alias type="CMSIS" value="SPI_CTAR_DBR(x)"/>
    </bit_field>
  </register>
  <register offset="0x10" width="32" name="CTAR1" description="Clock and Transfer Attributes Register (In Master Mode)">
    <alias type="CMSIS" value="CTAR[1]"/>
    <bit_field offset="0" width="4" name="BR" access="RW" reset_value="0" description="Baud Rate Scaler">
      <alias type="CMSIS" value="SPI_CTAR_BR(x)"/>
    </bit_field>
    <bit_field offset="4" width="4" name="DT" access="RW" reset_value="0" description="Delay After Transfer Scaler">
      <alias type="CMSIS" value="SPI_CTAR_DT(x)"/>
    </bit_field>
    <bit_field offset="8" width="4" name="ASC" access="RW" reset_value="0" description="After SCK Delay Scaler">
      <alias type="CMSIS" value="SPI_CTAR_ASC(x)"/>
    </bit_field>
    <bit_field offset="12" width="4" name="CSSCK" access="RW" reset_value="0" description="PCS to SCK Delay Scaler">
      <alias type="CMSIS" value="SPI_CTAR_CSSCK(x)"/>
    </bit_field>
    <bit_field offset="16" width="2" name="PBR" access="RW" reset_value="0" description="Baud Rate Prescaler">
      <alias type="CMSIS" value="SPI_CTAR_PBR(x)"/>
    </bit_field>
    <bit_field offset="18" width="2" name="PDT" access="RW" reset_value="0" description="Delay after Transfer Prescaler">
      <alias type="CMSIS" value="SPI_CTAR_PDT(x)"/>
    </bit_field>
    <bit_field offset="20" width="2" name="PASC" access="RW" reset_value="0" description="After SCK Delay Prescaler">
      <alias type="CMSIS" value="SPI_CTAR_PASC(x)"/>
    </bit_field>
    <bit_field offset="22" width="2" name="PCSSCK" access="RW" reset_value="0" description="PCS to SCK Delay Prescaler">
      <alias type="CMSIS" value="SPI_CTAR_PCSSCK(x)"/>
    </bit_field>
    <bit_field offset="24" width="1" name="LSBFE" access="RW" reset_value="0" description="LSB First">
      <alias type="CMSIS" value="SPI_CTAR_LSBFE(x)"/>
    </bit_field>
    <bit_field offset="25" width="1" name="CPHA" access="RW" reset_value="0" description="Clock Phase">
      <alias type="CMSIS" value="SPI_CTAR_CPHA(x)"/>
    </bit_field>
    <bit_field offset="26" width="1" name="CPOL" access="RW" reset_value="0" description="Clock Polarity">
      <alias type="CMSIS" value="SPI_CTAR_CPOL(x)"/>
    </bit_field>
    <bit_field offset="27" width="4" name="FMSZ" access="RW" reset_value="0xF" description="Frame Size">
      <alias type="CMSIS" value="SPI_CTAR_FMSZ(x)"/>
    </bit_field>
    <bit_field offset="31" width="1" name="DBR" access="RW" reset_value="0" description="Double Baud Rate">
      <alias type="CMSIS" value="SPI_CTAR_DBR(x)"/>
    </bit_field>
  </register>
  <register offset="0x2C" width="32" name="SR" description="Status Register">
    <alias type="CMSIS" value="SR"/>
    <bit_field offset="0" width="4" name="POPNXTPTR" access="RO" reset_value="0" description="Pop Next Pointer">
      <alias type="CMSIS" value="SPI_SR_POPNXTPTR(x)"/>
    </bit_field>
    <bit_field offset="4" width="4" name="RXCTR" access="RO" reset_value="0" description="RX FIFO Counter">
      <alias type="CMSIS" value="SPI_SR_RXCTR(x)"/>
    </bit_field>
    <bit_field offset="8" width="4" name="TXNXTPTR" access="RO" reset_value="0" description="Transmit Next Pointer">
      <alias type="CMSIS" value="SPI_SR_TXNXTPTR(x)"/>
    </bit_field>
    <bit_field offset="12" width="4" name="TXCTR" access="RO" reset_value="0" description="TX FIFO Counter">
      <alias type="CMSIS" value="SPI_SR_TXCTR(x)"/>
    </bit_field>
    <reserved_bit_field offset="16" width="1" reset_value="0"/>
    <bit_field offset="17" width="1" name="RFDF" access="W1C" reset_value="0" description="Receive FIFO Drain Flag">
      <alias type="CMSIS" value="SPI_SR_RFDF(x)"/>
    </bit_field>
    <reserved_bit_field offset="18" width="1" reset_value="0"/>
    <bit_field offset="19" width="1" name="RFOF" access="W1C" reset_value="0" description="Receive FIFO Overflow Flag">
      <alias type="CMSIS" value="SPI_SR_RFOF(x)"/>
    </bit_field>
    <reserved_bit_field offset="20" width="1" reset_value="0"/>
    <reserved_bit_field offset="21" width="1" reset_value="0"/>
    <reserved_bit_field offset="22" width="1" reset_value="0"/>
    <reserved_bit_field offset="23" width="1" reset_value="0"/>
    <reserved_bit_field offset="24" width="1" reset_value="0"/>
    <bit_field offset="25" width="1" name="TFFF" access="W1C" reset_value="0x1" description="Transmit FIFO Fill Flag">
      <alias type="CMSIS" value="SPI_SR_TFFF(x)"/>
    </bit_field>
    <reserved_bit_field offset="26" width="1" reset_value="0"/>
    <bit_field offset="27" width="1" name="TFUF" access="W1C" reset_value="0" description="Transmit FIFO Underflow Flag">
      <alias type="CMSIS" value="SPI_SR_TFUF(x)"/>
    </bit_field>
    <bit_field offset="28" width="1" name="EOQF" access="W1C" reset_value="0" description="End of Queue Flag">
      <alias type="CMSIS" value="SPI_SR_EOQF(x)"/>
    </bit_field>
    <reserved_bit_field offset="29" width="1" reset_value="0"/>
    <bit_field offset="30" width="1" name="TXRXS" access="W1C" reset_value="0" description="TX and RX Status">
      <alias type="CMSIS" value="SPI_SR_TXRXS(x)"/>
    </bit_field>
    <bit_field offset="31" width="1" name="TCF" access="W1C" reset_value="0" description="Transfer Complete Flag">
      <alias type="CMSIS" value="SPI_SR_TCF(x)"/>
    </bit_field>
  </register>
  <register offset="0x30" width="32" name="RSER" description="DMA/Interrupt Request Select and Enable Register">
    <alias type="CMSIS" value="RSER"/>
    <reserved_bit_field offset="0" width="14" reset_value="0"/>
    <reserved_bit_field offset="14" width="1" reset_value="0"/>
    <reserved_bit_field offset="15" width="1" reset_value="0"/>
    <bit_field offset="16" width="1" name="RFDF_DIRS" access="RW" reset_value="0" description="Receive FIFO Drain DMA or Interrupt Request Select">
      <alias type="CMSIS" value="SPI_RSER_RFDF_DIRS(x)"/>
    </bit_field>
    <bit_field offset="17" width="1" name="RFDF_RE" access="RW" reset_value="0" description="Receive FIFO Drain Request Enable">
      <alias type="CMSIS" value="SPI_RSER_RFDF_RE(x)"/>
    </bit_field>
    <reserved_bit_field offset="18" width="1" reset_value="0"/>
    <bit_field offset="19" width="1" name="RFOF_RE" access="RW" reset_value="0" description="Receive FIFO Overflow Request Enable">
      <alias type="CMSIS" value="SPI_RSER_RFOF_RE(x)"/>
    </bit_field>
    <reserved_bit_field offset="20" width="1" reset_value="0"/>
    <reserved_bit_field offset="21" width="1" reset_value="0"/>
    <reserved_bit_field offset="22" width="1" reset_value="0"/>
    <reserved_bit_field offset="23" width="1" reset_value="0"/>
    <bit_field offset="24" width="1" name="TFFF_DIRS" access="RW" reset_value="0" description="Transmit FIFO Fill DMA or Interrupt Request Select">
      <alias type="CMSIS" value="SPI_RSER_TFFF_DIRS(x)"/>
    </bit_field>
    <bit_field offset="25" width="1" name="TFFF_RE" access="RW" reset_value="0" description="Transmit FIFO Fill Request Enable">
      <alias type="CMSIS" value="SPI_RSER_TFFF_RE(x)"/>
    </bit_field>
    <reserved_bit_field offset="26" width="1" reset_value="0"/>
    <bit_field offset="27" width="1" name="TFUF_RE" access="RW" reset_value="0" description="Transmit FIFO Underflow Request Enable">
      <alias type="CMSIS" value="SPI_RSER_TFUF_RE(x)"/>
    </bit_field>
    <bit_field offset="28" width="1" name="EOQF_RE" access="RW" reset_value="0" description="Finished Request Enable">
      <alias type="CMSIS" value="SPI_RSER_EOQF_RE(x)"/>
    </bit_field>
    <reserved_bit_field offset="29" width="1" reset_value="0"/>
    <reserved_bit_field offset="30" width="1" reset_value="0"/>
    <bit_field offset="31" width="1" name="TCF_RE" access="RW" reset_value="0" description="Transmission Complete Request Enable">
      <alias type="CMSIS" value="SPI_RSER_TCF_RE(x)"/>
    </bit_field>
  </register>
  <register offset="0x34" width="32" name="PUSHR_SLAVE" description="PUSH TX FIFO Register In Slave Mode">
    <alias type="CMSIS" value="PUSHR_SLAVE"/>
    <bit_field offset="0" width="32" name="TXDATA" access="RW" reset_value="0" description="Transmit Data">
      <alias type="CMSIS" value="SPI_PUSHR_SLAVE_TXDATA(x)"/>
    </bit_field>
  </register>
  <register offset="0x34" width="32" name="PUSHR" description="PUSH TX FIFO Register In Master Mode">
    <alias type="CMSIS" value="PUSHR"/>
    <bit_field offset="0" width="16" name="TXDATA" access="RW" reset_value="0" description="Transmit Data">
      <alias type="CMSIS" value="SPI_PUSHR_TXDATA(x)"/>
    </bit_field>
    <bit_field offset="16" width="6" name="PCS" access="RW" reset_value="0" description="Select which PCS signals are to be asserted for the transfer. Refer to the chip configuration details for the number of PCS signals used in this MCU.">
      <alias type="CMSIS" value="SPI_PUSHR_PCS(x)"/>
    </bit_field>
    <reserved_bit_field offset="22" width="2" reset_value="0"/>
    <reserved_bit_field offset="24" width="2" reset_value="0"/>
    <bit_field offset="26" width="1" name="CTCNT" access="RW" reset_value="0" description="Clear Transfer Counter">
      <alias type="CMSIS" value="SPI_PUSHR_CTCNT(x)"/>
    </bit_field>
    <bit_field offset="27" width="1" name="EOQ" access="RW" reset_value="0" description="End Of Queue">
      <alias type="CMSIS" value="SPI_PUSHR_EOQ(x)"/>
    </bit_field>
    <bit_field offset="28" width="3" name="CTAS" access="RW" reset_value="0" description="Clock and Transfer Attributes Select">
      <alias type="CMSIS" value="SPI_PUSHR_CTAS(x)"/>
    </bit_field>
    <bit_field offset="31" width="1" name="CONT" access="RW" reset_value="0" description="Continuous Peripheral Chip Select Enable">
      <alias type="CMSIS" value="SPI_PUSHR_CONT(x)"/>
    </bit_field>
  </register>
  <register offset="0x38" width="32" name="POPR" description="POP RX FIFO Register">
    <alias type="CMSIS" value="POPR"/>
    <bit_field offset="0" width="32" name="RXDATA" access="RO" reset_value="0" description="Received Data">
      <alias type="CMSIS" value="SPI_POPR_RXDATA(x)"/>
    </bit_field>
  </register>
  <register offset="0x3C" width="32" name="TXFR0" description="Transmit FIFO Registers">
    <alias type="CMSIS" value="TXFR0"/>
    <bit_field offset="0" width="16" name="TXDATA" access="RO" reset_value="0" description="Transmit Data">
      <alias type="CMSIS" value="SPI_TXFR0_TXDATA(x)"/>
    </bit_field>
    <bit_field offset="16" width="16" name="TXCMD_TXDATA" access="RO" reset_value="0" description="Transmit Command or Transmit Data">
      <alias type="CMSIS" value="SPI_TXFR0_TXCMD_TXDATA(x)"/>
    </bit_field>
  </register>
  <register offset="0x40" width="32" name="TXFR1" description="Transmit FIFO Registers">
    <alias type="CMSIS" value="TXFR1"/>
    <bit_field offset="0" width="16" name="TXDATA" access="RO" reset_value="0" description="Transmit Data">
      <alias type="CMSIS" value="SPI_TXFR1_TXDATA(x)"/>
    </bit_field>
    <bit_field offset="16" width="16" name="TXCMD_TXDATA" access="RO" reset_value="0" description="Transmit Command or Transmit Data">
      <alias type="CMSIS" value="SPI_TXFR1_TXCMD_TXDATA(x)"/>
    </bit_field>
  </register>
  <register offset="0x44" width="32" name="TXFR2" description="Transmit FIFO Registers">
    <alias type="CMSIS" value="TXFR2"/>
    <bit_field offset="0" width="16" name="TXDATA" access="RO" reset_value="0" description="Transmit Data">
      <alias type="CMSIS" value="SPI_TXFR2_TXDATA(x)"/>
    </bit_field>
    <bit_field offset="16" width="16" name="TXCMD_TXDATA" access="RO" reset_value="0" description="Transmit Command or Transmit Data">
      <alias type="CMSIS" value="SPI_TXFR2_TXCMD_TXDATA(x)"/>
    </bit_field>
  </register>
  <register offset="0x48" width="32" name="TXFR3" description="Transmit FIFO Registers">
    <alias type="CMSIS" value="TXFR3"/>
    <bit_field offset="0" width="16" name="TXDATA" access="RO" reset_value="0" description="Transmit Data">
      <alias type="CMSIS" value="SPI_TXFR3_TXDATA(x)"/>
    </bit_field>
    <bit_field offset="16" width="16" name="TXCMD_TXDATA" access="RO" reset_value="0" description="Transmit Command or Transmit Data">
      <alias type="CMSIS" value="SPI_TXFR3_TXCMD_TXDATA(x)"/>
    </bit_field>
  </register>
  <register offset="0x7C" width="32" name="RXFR0" description="Receive FIFO Registers">
    <alias type="CMSIS" value="RXFR0"/>
    <bit_field offset="0" width="32" name="RXDATA" access="RO" reset_value="0" description="Receive Data">
      <alias type="CMSIS" value="SPI_RXFR0_RXDATA(x)"/>
    </bit_field>
  </register>
  <register offset="0x80" width="32" name="RXFR1" description="Receive FIFO Registers">
    <alias type="CMSIS" value="RXFR1"/>
    <bit_field offset="0" width="32" name="RXDATA" access="RO" reset_value="0" description="Receive Data">
      <alias type="CMSIS" value="SPI_RXFR1_RXDATA(x)"/>
    </bit_field>
  </register>
  <register offset="0x84" width="32" name="RXFR2" description="Receive FIFO Registers">
    <alias type="CMSIS" value="RXFR2"/>
    <bit_field offset="0" width="32" name="RXDATA" access="RO" reset_value="0" description="Receive Data">
      <alias type="CMSIS" value="SPI_RXFR2_RXDATA(x)"/>
    </bit_field>
  </register>
  <register offset="0x88" width="32" name="RXFR3" description="Receive FIFO Registers">
    <alias type="CMSIS" value="RXFR3"/>
    <bit_field offset="0" width="32" name="RXDATA" access="RO" reset_value="0" description="Receive Data">
      <alias type="CMSIS" value="SPI_RXFR3_RXDATA(x)"/>
    </bit_field>
  </register>
</regs:peripheral>