<?xml version="1.0"?>
<regs:peripheral xmlns:regs="http://swtools.freescale.net/XSD/registers/1.0/regsPeripheral.xsd" xmlns:xsi="http://www.w3.org/2001/XMLSchema-instance" xsi:schemaLocation="http://swtools.freescale.net/XSD/registers/1.0/regsPeripheral.xsd http://swtools.freescale.net/XSD/registers/1.0/regsPeripheral.xsd">
  <register offset="0" width="8" name="BDH" description="UART Baud Rate Registers: High">
    <alias type="CMSIS" value="BDH"/>
    <bit_field offset="0" width="5" name="SBR" access="RW" reset_value="0" description="UART Baud Rate Bits">
      <alias type="CMSIS" value="UART_BDH_SBR(x)"/>
    </bit_field>
    <bit_field offset="5" width="1" name="SBNS" access="RW" reset_value="0" description="Stop Bit Number Select">
      <alias type="CMSIS" value="UART_BDH_SBNS(x)"/>
    </bit_field>
    <bit_field offset="6" width="1" name="RXEDGIE" access="RW" reset_value="0" description="RxD Input Active Edge Interrupt Enable">
      <alias type="CMSIS" value="UART_BDH_RXEDGIE(x)"/>
    </bit_field>
    <bit_field offset="7" width="1" name="LBKDIE" access="RW" reset_value="0" description="LIN Break Detect Interrupt or DMA Request Enable">
      <alias type="CMSIS" value="UART_BDH_LBKDIE(x)"/>
    </bit_field>
  </register>
  <register offset="0x1" width="8" name="BDL" description="UART Baud Rate Registers: Low">
    <alias type="CMSIS" value="BDL"/>
    <bit_field offset="0" width="8" name="SBR" access="RW" reset_value="0x4" description="UART Baud Rate Bits">
      <alias type="CMSIS" value="UART_BDL_SBR(x)"/>
    </bit_field>
  </register>
  <register offset="0x2" width="8" name="C1" description="UART Control Register 1">
    <alias type="CMSIS" value="C1"/>
    <bit_field offset="0" width="1" name="PT" access="RW" reset_value="0" description="Parity Type">
      <alias type="CMSIS" value="UART_C1_PT(x)"/>
    </bit_field>
    <bit_field offset="1" width="1" name="PE" access="RW" reset_value="0" description="Parity Enable">
      <alias type="CMSIS" value="UART_C1_PE(x)"/>
    </bit_field>
    <bit_field offset="2" width="1" name="ILT" access="RW" reset_value="0" description="Idle Line Type Select">
      <alias type="CMSIS" value="UART_C1_ILT(x)"/>
    </bit_field>
    <bit_field offset="3" width="1" name="WAKE" access="RW" reset_value="0" description="Receiver Wakeup Method Select">
      <alias type="CMSIS" value="UART_C1_WAKE(x)"/>
    </bit_field>
    <bit_field offset="4" width="1" name="M" access="RW" reset_value="0" description="9-bit or 8-bit Mode Select">
      <alias type="CMSIS" value="UART_C1_M(x)"/>
    </bit_field>
    <bit_field offset="5" width="1" name="RSRC" access="RW" reset_value="0" description="Receiver Source Select">
      <alias type="CMSIS" value="UART_C1_RSRC(x)"/>
    </bit_field>
    <bit_field offset="6" width="1" name="UARTSWAI" access="RW" reset_value="0" description="UART Stops in Wait Mode">
      <alias type="CMSIS" value="UART_C1_UARTSWAI(x)"/>
    </bit_field>
    <bit_field offset="7" width="1" name="LOOPS" access="RW" reset_value="0" description="Loop Mode Select">
      <alias type="CMSIS" value="UART_C1_LOOPS(x)"/>
    </bit_field>
  </register>
  <register offset="0x3" width="8" name="C2" description="UART Control Register 2">
    <alias type="CMSIS" value="C2"/>
    <bit_field offset="0" width="1" name="SBK" access="RW" reset_value="0" description="Send Break">
      <alias type="CMSIS" value="UART_C2_SBK(x)"/>
    </bit_field>
    <bit_field offset="1" width="1" name="RWU" access="RW" reset_value="0" description="Receiver Wakeup Control">
      <alias type="CMSIS" value="UART_C2_RWU(x)"/>
    </bit_field>
    <bit_field offset="2" width="1" name="RE" access="RW" reset_value="0" description="Receiver Enable">
      <alias type="CMSIS" value="UART_C2_RE(x)"/>
    </bit_field>
    <bit_field offset="3" width="1" name="TE" access="RW" reset_value="0" description="Transmitter Enable">
      <alias type="CMSIS" value="UART_C2_TE(x)"/>
    </bit_field>
    <bit_field offset="4" width="1" name="ILIE" access="RW" reset_value="0" description="Idle Line Interrupt DMA Transfer Enable">
      <alias type="CMSIS" value="UART_C2_ILIE(x)"/>
    </bit_field>
    <bit_field offset="5" width="1" name="RIE" access="RW" reset_value="0" description="Receiver Full Interrupt or DMA Transfer Enable">
      <alias type="CMSIS" value="UART_C2_RIE(x)"/>
    </bit_field>
    <bit_field offset="6" width="1" name="TCIE" access="RW" reset_value="0" description="Transmission Complete Interrupt or DMA Transfer Enable">
      <alias type="CMSIS" value="UART_C2_TCIE(x)"/>
    </bit_field>
    <bit_field offset="7" width="1" name="TIE" access="RW" reset_value="0" description="Transmitter Interrupt or DMA Transfer Enable.">
      <alias type="CMSIS" value="UART_C2_TIE(x)"/>
    </bit_field>
  </register>
  <register offset="0x4" width="8" name="S1" description="UART Status Register 1">
    <alias type="CMSIS" value="S1"/>
    <bit_field offset="0" width="1" name="PF" access="RO" reset_value="0" description="Parity Error Flag">
      <alias type="CMSIS" value="UART_S1_PF(x)"/>
    </bit_field>
    <bit_field offset="1" width="1" name="FE" access="RO" reset_value="0" description="Framing Error Flag">
      <alias type="CMSIS" value="UART_S1_FE(x)"/>
    </bit_field>
    <bit_field offset="2" width="1" name="NF" access="RO" reset_value="0" description="Noise Flag">
      <alias type="CMSIS" value="UART_S1_NF(x)"/>
    </bit_field>
    <bit_field offset="3" width="1" name="OR" access="RO" reset_value="0" description="Receiver Overrun Flag">
      <alias type="CMSIS" value="UART_S1_OR(x)"/>
    </bit_field>
    <bit_field offset="4" width="1" name="IDLE" access="RO" reset_value="0" description="Idle Line Flag">
      <alias type="CMSIS" value="UART_S1_IDLE(x)"/>
    </bit_field>
    <bit_field offset="5" width="1" name="RDRF" access="RO" reset_value="0" description="Receive Data Register Full Flag">
      <alias type="CMSIS" value="UART_S1_RDRF(x)"/>
    </bit_field>
    <bit_field offset="6" width="1" name="TC" access="RO" reset_value="0x1" description="Transmit Complete Flag">
      <alias type="CMSIS" value="UART_S1_TC(x)"/>
    </bit_field>
    <bit_field offset="7" width="1" name="TDRE" access="RO" reset_value="0x1" description="Transmit Data Register Empty Flag">
      <alias type="CMSIS" value="UART_S1_TDRE(x)"/>
    </bit_field>
  </register>
  <register offset="0x5" width="8" name="S2" description="UART Status Register 2">
    <alias type="CMSIS" value="S2"/>
    <bit_field offset="0" width="1" name="RAF" access="RO" reset_value="0" description="Receiver Active Flag">
      <alias type="CMSIS" value="UART_S2_RAF(x)"/>
    </bit_field>
    <bit_field offset="1" width="1" name="LBKDE" access="RW" reset_value="0" description="LIN Break Detection Enable">
      <alias type="CMSIS" value="UART_S2_LBKDE(x)"/>
    </bit_field>
    <bit_field offset="2" width="1" name="BRK13" access="RW" reset_value="0" description="Break Transmit Character Length">
      <alias type="CMSIS" value="UART_S2_BRK13(x)"/>
    </bit_field>
    <bit_field offset="3" width="1" name="RWUID" access="RW" reset_value="0" description="Receive Wakeup Idle Detect">
      <alias type="CMSIS" value="UART_S2_RWUID(x)"/>
    </bit_field>
    <bit_field offset="4" width="1" name="RXINV" access="RW" reset_value="0" description="Receive Data Inversion">
      <alias type="CMSIS" value="UART_S2_RXINV(x)"/>
    </bit_field>
    <bit_field offset="5" width="1" name="MSBF" access="RW" reset_value="0" description="Most Significant Bit First">
      <alias type="CMSIS" value="UART_S2_MSBF(x)"/>
    </bit_field>
    <bit_field offset="6" width="1" name="RXEDGIF" access="W1C" reset_value="0" description="RxD Pin Active Edge Interrupt Flag">
      <alias type="CMSIS" value="UART_S2_RXEDGIF(x)"/>
    </bit_field>
    <bit_field offset="7" width="1" name="LBKDIF" access="W1C" reset_value="0" description="LIN Break Detect Interrupt Flag">
      <alias type="CMSIS" value="UART_S2_LBKDIF(x)"/>
    </bit_field>
  </register>
  <register offset="0x6" width="8" name="C3" description="UART Control Register 3">
    <alias type="CMSIS" value="C3"/>
    <bit_field offset="0" width="1" name="PEIE" access="RW" reset_value="0" description="Parity Error Interrupt Enable">
      <alias type="CMSIS" value="UART_C3_PEIE(x)"/>
    </bit_field>
    <bit_field offset="1" width="1" name="FEIE" access="RW" reset_value="0" description="Framing Error Interrupt Enable">
      <alias type="CMSIS" value="UART_C3_FEIE(x)"/>
    </bit_field>
    <bit_field offset="2" width="1" name="NEIE" access="RW" reset_value="0" description="Noise Error Interrupt Enable">
      <alias type="CMSIS" value="UART_C3_NEIE(x)"/>
    </bit_field>
    <bit_field offset="3" width="1" name="ORIE" access="RW" reset_value="0" description="Overrun Error Interrupt Enable">
      <alias type="CMSIS" value="UART_C3_ORIE(x)"/>
    </bit_field>
    <bit_field offset="4" width="1" name="TXINV" access="RW" reset_value="0" description="Transmit Data Inversion.">
      <alias type="CMSIS" value="UART_C3_TXINV(x)"/>
    </bit_field>
    <bit_field offset="5" width="1" name="TXDIR" access="RW" reset_value="0" description="Transmitter Pin Data Direction in Single-Wire mode">
      <alias type="CMSIS" value="UART_C3_TXDIR(x)"/>
    </bit_field>
    <bit_field offset="6" width="1" name="T8" access="RW" reset_value="0" description="Transmit Bit 8">
      <alias type="CMSIS" value="UART_C3_T8(x)"/>
    </bit_field>
    <bit_field offset="7" width="1" name="R8" access="RO" reset_value="0" description="Received Bit 8">
      <alias type="CMSIS" value="UART_C3_R8(x)"/>
    </bit_field>
  </register>
  <register offset="0x7" width="8" name="D" description="UART Data Register">
    <alias type="CMSIS" value="D"/>
    <bit_field offset="0" width="8" name="RT" access="RW" reset_value="0" description="Reads return the contents of the read-only receive data register and writes go to the write-only transmit data register.">
      <alias type="CMSIS" value="UART_D_RT(x)"/>
    </bit_field>
  </register>
  <register offset="0x8" width="8" name="MA1" description="UART Match Address Registers 1">
    <alias type="CMSIS" value="MA1"/>
    <bit_field offset="0" width="8" name="MA" access="RW" reset_value="0" description="Match Address">
      <alias type="CMSIS" value="UART_MA1_MA(x)"/>
    </bit_field>
  </register>
  <register offset="0x9" width="8" name="MA2" description="UART Match Address Registers 2">
    <alias type="CMSIS" value="MA2"/>
    <bit_field offset="0" width="8" name="MA" access="RW" reset_value="0" description="Match Address">
      <alias type="CMSIS" value="UART_MA2_MA(x)"/>
    </bit_field>
  </register>
  <register offset="0xA" width="8" name="C4" description="UART Control Register 4">
    <alias type="CMSIS" value="C4"/>
    <bit_field offset="0" width="5" name="BRFA" access="RW" reset_value="0" description="Baud Rate Fine Adjust">
      <alias type="CMSIS" value="UART_C4_BRFA(x)"/>
    </bit_field>
    <bit_field offset="5" width="1" name="M10" access="RW" reset_value="0" description="10-bit Mode select">
      <alias type="CMSIS" value="UART_C4_M10(x)"/>
    </bit_field>
    <bit_field offset="6" width="1" name="MAEN2" access="RW" reset_value="0" description="Match Address Mode Enable 2">
      <alias type="CMSIS" value="UART_C4_MAEN2(x)"/>
    </bit_field>
    <bit_field offset="7" width="1" name="MAEN1" access="RW" reset_value="0" description="Match Address Mode Enable 1">
      <alias type="CMSIS" value="UART_C4_MAEN1(x)"/>
    </bit_field>
  </register>
  <register offset="0xB" width="8" name="C5" description="UART Control Register 5">
    <alias type="CMSIS" value="C5"/>
    <reserved_bit_field offset="0" width="3" reset_value="0"/>
    <bit_field offset="3" width="1" name="LBKDDMAS" access="RW" reset_value="0" description="LIN Break Detect DMA Select Bit">
      <alias type="CMSIS" value="UART_C5_LBKDDMAS(x)"/>
    </bit_field>
    <bit_field offset="4" width="1" name="ILDMAS" access="RW" reset_value="0" description="Idle Line DMA Select">
      <alias type="CMSIS" value="UART_C5_ILDMAS(x)"/>
    </bit_field>
    <bit_field offset="5" width="1" name="RDMAS" access="RW" reset_value="0" description="Receiver Full DMA Select">
      <alias type="CMSIS" value="UART_C5_RDMAS(x)"/>
    </bit_field>
    <bit_field offset="6" width="1" name="TCDMAS" access="RW" reset_value="0" description="Transmission Complete DMA Select">
      <alias type="CMSIS" value="UART_C5_TCDMAS(x)"/>
    </bit_field>
    <bit_field offset="7" width="1" name="TDMAS" access="RW" reset_value="0" description="Transmitter DMA Select">
      <alias type="CMSIS" value="UART_C5_TDMAS(x)"/>
    </bit_field>
  </register>
  <register offset="0xC" width="8" name="ED" description="UART Extended Data Register">
    <alias type="CMSIS" value="ED"/>
    <reserved_bit_field offset="0" width="6" reset_value="0"/>
    <bit_field offset="6" width="1" name="PARITYE" access="RO" reset_value="0" description="The current received dataword contained in D and C3[R8] was received with a parity error.">
      <alias type="CMSIS" value="UART_ED_PARITYE(x)"/>
    </bit_field>
    <bit_field offset="7" width="1" name="NOISY" access="RO" reset_value="0" description="The current received dataword contained in D and C3[R8] was received with noise.">
      <alias type="CMSIS" value="UART_ED_NOISY(x)"/>
    </bit_field>
  </register>
  <register offset="0xD" width="8" name="MODEM" description="UART Modem Register">
    <alias type="CMSIS" value="MODEM"/>
    <bit_field offset="0" width="1" name="TXCTSE" access="RW" reset_value="0" description="Transmitter clear-to-send enable">
      <alias type="CMSIS" value="UART_MODEM_TXCTSE(x)"/>
    </bit_field>
    <bit_field offset="1" width="1" name="TXRTSE" access="RW" reset_value="0" description="Transmitter request-to-send enable">
      <alias type="CMSIS" value="UART_MODEM_TXRTSE(x)"/>
    </bit_field>
    <bit_field offset="2" width="1" name="TXRTSPOL" access="RW" reset_value="0" description="Transmitter request-to-send polarity">
      <alias type="CMSIS" value="UART_MODEM_TXRTSPOL(x)"/>
    </bit_field>
    <bit_field offset="3" width="1" name="RXRTSE" access="RW" reset_value="0" description="Receiver request-to-send enable">
      <alias type="CMSIS" value="UART_MODEM_RXRTSE(x)"/>
    </bit_field>
    <reserved_bit_field offset="4" width="4" reset_value="0"/>
  </register>
  <register offset="0xE" width="8" name="IR" description="UART Infrared Register">
    <alias type="CMSIS" value="IR"/>
    <bit_field offset="0" width="2" name="TNP" access="RW" reset_value="0" description="Transmitter narrow pulse">
      <alias type="CMSIS" value="UART_IR_TNP(x)"/>
    </bit_field>
    <bit_field offset="2" width="1" name="IREN" access="RW" reset_value="0" description="Infrared enable">
      <alias type="CMSIS" value="UART_IR_IREN(x)"/>
    </bit_field>
    <reserved_bit_field offset="3" width="5" reset_value="0"/>
  </register>
  <register offset="0x10" width="8" name="PFIFO" description="UART FIFO Parameters">
    <alias type="CMSIS" value="PFIFO"/>
    <bit_field offset="0" width="3" name="RXFIFOSIZE" access="RO" reset_value="0" description="Receive FIFO. Buffer Depth">
      <alias type="CMSIS" value="UART_PFIFO_RXFIFOSIZE(x)"/>
    </bit_field>
    <bit_field offset="3" width="1" name="RXFE" access="RW" reset_value="0" description="Receive FIFO Enable">
      <alias type="CMSIS" value="UART_PFIFO_RXFE(x)"/>
    </bit_field>
    <bit_field offset="4" width="3" name="TXFIFOSIZE" access="RO" reset_value="0" description="Transmit FIFO. Buffer Depth">
      <alias type="CMSIS" value="UART_PFIFO_TXFIFOSIZE(x)"/>
    </bit_field>
    <bit_field offset="7" width="1" name="TXFE" access="RW" reset_value="0" description="Transmit FIFO Enable">
      <alias type="CMSIS" value="UART_PFIFO_TXFE(x)"/>
    </bit_field>
  </register>
  <register offset="0x11" width="8" name="CFIFO" description="UART FIFO Control Register">
    <alias type="CMSIS" value="CFIFO"/>
    <bit_field offset="0" width="1" name="RXUFE" access="RW" reset_value="0" description="Receive FIFO Underflow Interrupt Enable">
      <alias type="CMSIS" value="UART_CFIFO_RXUFE(x)"/>
    </bit_field>
    <bit_field offset="1" width="1" name="TXOFE" access="RW" reset_value="0" description="Transmit FIFO Overflow Interrupt Enable">
      <alias type="CMSIS" value="UART_CFIFO_TXOFE(x)"/>
    </bit_field>
    <bit_field offset="2" width="1" name="RXOFE" access="RW" reset_value="0" description="Receive FIFO Overflow Interrupt Enable">
      <alias type="CMSIS" value="UART_CFIFO_RXOFE(x)"/>
    </bit_field>
    <reserved_bit_field offset="3" width="3" reset_value="0"/>
    <bit_field offset="6" width="1" name="RXFLUSH" access="WORZ" reset_value="0" description="Receive FIFO/Buffer Flush">
      <alias type="CMSIS" value="UART_CFIFO_RXFLUSH(x)"/>
    </bit_field>
    <bit_field offset="7" width="1" name="TXFLUSH" access="WORZ" reset_value="0" description="Transmit FIFO/Buffer Flush">
      <alias type="CMSIS" value="UART_CFIFO_TXFLUSH(x)"/>
    </bit_field>
  </register>
  <register offset="0x12" width="8" name="SFIFO" description="UART FIFO Status Register">
    <alias type="CMSIS" value="SFIFO"/>
    <bit_field offset="0" width="1" name="RXUF" access="W1C" reset_value="0" description="Receiver Buffer Underflow Flag">
      <alias type="CMSIS" value="UART_SFIFO_RXUF(x)"/>
    </bit_field>
    <bit_field offset="1" width="1" name="TXOF" access="W1C" reset_value="0" description="Transmitter Buffer Overflow Flag">
      <alias type="CMSIS" value="UART_SFIFO_TXOF(x)"/>
    </bit_field>
    <bit_field offset="2" width="1" name="RXOF" access="W1C" reset_value="0" description="Receiver Buffer Overflow Flag">
      <alias type="CMSIS" value="UART_SFIFO_RXOF(x)"/>
    </bit_field>
    <reserved_bit_field offset="3" width="3" reset_value="0"/>
    <bit_field offset="6" width="1" name="RXEMPT" access="RO" reset_value="0x1" description="Receive Buffer/FIFO Empty">
      <alias type="CMSIS" value="UART_SFIFO_RXEMPT(x)"/>
    </bit_field>
    <bit_field offset="7" width="1" name="TXEMPT" access="RO" reset_value="0x1" description="Transmit Buffer/FIFO Empty">
      <alias type="CMSIS" value="UART_SFIFO_TXEMPT(x)"/>
    </bit_field>
  </register>
  <register offset="0x13" width="8" name="TWFIFO" description="UART FIFO Transmit Watermark">
    <alias type="CMSIS" value="TWFIFO"/>
    <bit_field offset="0" width="8" name="TXWATER" access="RW" reset_value="0" description="Transmit Watermark">
      <alias type="CMSIS" value="UART_TWFIFO_TXWATER(x)"/>
    </bit_field>
  </register>
  <register offset="0x14" width="8" name="TCFIFO" description="UART FIFO Transmit Count">
    <alias type="CMSIS" value="TCFIFO"/>
    <bit_field offset="0" width="8" name="TXCOUNT" access="RO" reset_value="0" description="Transmit Counter">
      <alias type="CMSIS" value="UART_TCFIFO_TXCOUNT(x)"/>
    </bit_field>
  </register>
  <register offset="0x15" width="8" name="RWFIFO" description="UART FIFO Receive Watermark">
    <alias type="CMSIS" value="RWFIFO"/>
    <bit_field offset="0" width="8" name="RXWATER" access="RW" reset_value="0x1" description="Receive Watermark">
      <alias type="CMSIS" value="UART_RWFIFO_RXWATER(x)"/>
    </bit_field>
  </register>
  <register offset="0x16" width="8" name="RCFIFO" description="UART FIFO Receive Count">
    <alias type="CMSIS" value="RCFIFO"/>
    <bit_field offset="0" width="8" name="RXCOUNT" access="RO" reset_value="0" description="Receive Counter">
      <alias type="CMSIS" value="UART_RCFIFO_RXCOUNT(x)"/>
    </bit_field>
  </register>
  <register offset="0x18" width="8" name="C7816" description="UART 7816 Control Register">
    <alias type="CMSIS" value="C7816"/>
    <bit_field offset="0" width="1" name="ISO_7816E" access="RW" reset_value="0" description="ISO-7816 Functionality Enabled">
      <alias type="CMSIS" value="UART_C7816_ISO_7816E(x)"/>
    </bit_field>
    <bit_field offset="1" width="1" name="TTYPE" access="RW" reset_value="0" description="Transfer Type">
      <alias type="CMSIS" value="UART_C7816_TTYPE(x)"/>
    </bit_field>
    <bit_field offset="2" width="1" name="INIT" access="RW" reset_value="0" description="Detect Initial Character">
      <alias type="CMSIS" value="UART_C7816_INIT(x)"/>
    </bit_field>
    <bit_field offset="3" width="1" name="ANACK" access="RW" reset_value="0" description="Generate NACK on Error">
      <alias type="CMSIS" value="UART_C7816_ANACK(x)"/>
    </bit_field>
    <bit_field offset="4" width="1" name="ONACK" access="RW" reset_value="0" description="Generate NACK on Overflow">
      <alias type="CMSIS" value="UART_C7816_ONACK(x)"/>
    </bit_field>
    <reserved_bit_field offset="5" width="3" reset_value="0"/>
  </register>
  <register offset="0x19" width="8" name="IE7816" description="UART 7816 Interrupt Enable Register">
    <alias type="CMSIS" value="IE7816"/>
    <bit_field offset="0" width="1" name="RXTE" access="RW" reset_value="0" description="Receive Threshold Exceeded Interrupt Enable">
      <alias type="CMSIS" value="UART_IE7816_RXTE(x)"/>
    </bit_field>
    <bit_field offset="1" width="1" name="TXTE" access="RW" reset_value="0" description="Transmit Threshold Exceeded Interrupt Enable">
      <alias type="CMSIS" value="UART_IE7816_TXTE(x)"/>
    </bit_field>
    <bit_field offset="2" width="1" name="GTVE" access="RW" reset_value="0" description="Guard Timer Violated Interrupt Enable">
      <alias type="CMSIS" value="UART_IE7816_GTVE(x)"/>
    </bit_field>
    <reserved_bit_field offset="3" width="1" reset_value="0"/>
    <bit_field offset="4" width="1" name="INITDE" access="RW" reset_value="0" description="Initial Character Detected Interrupt Enable">
      <alias type="CMSIS" value="UART_IE7816_INITDE(x)"/>
    </bit_field>
    <bit_field offset="5" width="1" name="BWTE" access="RW" reset_value="0" description="Block Wait Timer Interrupt Enable">
      <alias type="CMSIS" value="UART_IE7816_BWTE(x)"/>
    </bit_field>
    <bit_field offset="6" width="1" name="CWTE" access="RW" reset_value="0" description="Character Wait Timer Interrupt Enable">
      <alias type="CMSIS" value="UART_IE7816_CWTE(x)"/>
    </bit_field>
    <bit_field offset="7" width="1" name="WTE" access="RW" reset_value="0" description="Wait Timer Interrupt Enable">
      <alias type="CMSIS" value="UART_IE7816_WTE(x)"/>
    </bit_field>
  </register>
  <register offset="0x1A" width="8" name="IS7816" description="UART 7816 Interrupt Status Register">
    <alias type="CMSIS" value="IS7816"/>
    <bit_field offset="0" width="1" name="RXT" access="W1C" reset_value="0" description="Receive Threshold Exceeded Interrupt">
      <alias type="CMSIS" value="UART_IS7816_RXT(x)"/>
    </bit_field>
    <bit_field offset="1" width="1" name="TXT" access="W1C" reset_value="0" description="Transmit Threshold Exceeded Interrupt">
      <alias type="CMSIS" value="UART_IS7816_TXT(x)"/>
    </bit_field>
    <bit_field offset="2" width="1" name="GTV" access="W1C" reset_value="0" description="Guard Timer Violated Interrupt">
      <alias type="CMSIS" value="UART_IS7816_GTV(x)"/>
    </bit_field>
    <reserved_bit_field offset="3" width="1" reset_value="0"/>
    <bit_field offset="4" width="1" name="INITD" access="W1C" reset_value="0" description="Initial Character Detected Interrupt">
      <alias type="CMSIS" value="UART_IS7816_INITD(x)"/>
    </bit_field>
    <bit_field offset="5" width="1" name="BWT" access="W1C" reset_value="0" description="Block Wait Timer Interrupt">
      <alias type="CMSIS" value="UART_IS7816_BWT(x)"/>
    </bit_field>
    <bit_field offset="6" width="1" name="CWT" access="W1C" reset_value="0" description="Character Wait Timer Interrupt">
      <alias type="CMSIS" value="UART_IS7816_CWT(x)"/>
    </bit_field>
    <bit_field offset="7" width="1" name="WT" access="W1C" reset_value="0" description="Wait Timer Interrupt">
      <alias type="CMSIS" value="UART_IS7816_WT(x)"/>
    </bit_field>
  </register>
  <register offset="0x1B" width="8" name="WP7816T0" description="UART 7816 Wait Parameter Register">
    <alias type="CMSIS" value="WP7816T0"/>
    <bit_field offset="0" width="8" name="WI" access="RW" reset_value="0xA" description="Wait Time Integer (C7816[TTYPE] = 0)">
      <alias type="CMSIS" value="UART_WP7816T0_WI(x)"/>
    </bit_field>
  </register>
  <register offset="0x1B" width="8" name="WP7816T1" description="UART 7816 Wait Parameter Register">
    <alias type="CMSIS" value="WP7816T1"/>
    <bit_field offset="0" width="4" name="BWI" access="RW" reset_value="0xA" description="Block Wait Time Integer(C7816[TTYPE] = 1)">
      <alias type="CMSIS" value="UART_WP7816T1_BWI(x)"/>
    </bit_field>
    <bit_field offset="4" width="4" name="CWI" access="RW" reset_value="0" description="Character Wait Time Integer (C7816[TTYPE] = 1)">
      <alias type="CMSIS" value="UART_WP7816T1_CWI(x)"/>
    </bit_field>
  </register>
  <register offset="0x1C" width="8" name="WN7816" description="UART 7816 Wait N Register">
    <alias type="CMSIS" value="WN7816"/>
    <bit_field offset="0" width="8" name="GTN" access="RW" reset_value="0" description="Guard Band N">
      <alias type="CMSIS" value="UART_WN7816_GTN(x)"/>
    </bit_field>
  </register>
  <register offset="0x1D" width="8" name="WF7816" description="UART 7816 Wait FD Register">
    <alias type="CMSIS" value="WF7816"/>
    <bit_field offset="0" width="8" name="GTFD" access="RW" reset_value="0x1" description="FD Multiplier">
      <alias type="CMSIS" value="UART_WF7816_GTFD(x)"/>
    </bit_field>
  </register>
  <register offset="0x1E" width="8" name="ET7816" description="UART 7816 Error Threshold Register">
    <alias type="CMSIS" value="ET7816"/>
    <bit_field offset="0" width="4" name="RXTHRESHOLD" access="RW" reset_value="0" description="Receive NACK Threshold">
      <alias type="CMSIS" value="UART_ET7816_RXTHRESHOLD(x)"/>
    </bit_field>
    <bit_field offset="4" width="4" name="TXTHRESHOLD" access="RW" reset_value="0" description="Transmit NACK Threshold">
      <alias type="CMSIS" value="UART_ET7816_TXTHRESHOLD(x)"/>
    </bit_field>
  </register>
  <register offset="0x1F" width="8" name="TL7816" description="UART 7816 Transmit Length Register">
    <alias type="CMSIS" value="TL7816"/>
    <bit_field offset="0" width="8" name="TLEN" access="RW" reset_value="0" description="Transmit Length">
      <alias type="CMSIS" value="UART_TL7816_TLEN(x)"/>
    </bit_field>
  </register>
</regs:peripheral>