<?xml version='1.0' encoding='UTF-8'?>
<sdk_components>
  <!--{"tag": "REL_SDK_2.4.0_REL8_RFP_RC2_1_PRE", "created": "2018-04-17 09:49:13.184000"}-->
  <sdk_component Cbundle="MCUXpresso SDK" Cclass="Operating System" Cgroup="FreeRTOS Operating System" Csub="freertos" Cvendor="NXP" id="middleware.freertos" name="Amazon-FreeRTOS Kernel" prj_file="FreeRTOSConfig.h" version="10.0.1" version_prj_files="FreeRTOS.h"/>
  <sdk_component Cbundle="MCUXpresso SDK" Cclass="Operating System" Cgroup="FreeRTOS Operating System" Csub="freertos" Cvendor="NXP" id="middleware.freertos" name="FreeRTOS" prj_file="FreeRTOSConfig.h" version="9.0.0" version_prj_files="FreeRTOS.h"/>
  <sdk_component Cbundle="MCUXpresso SDK" Cclass="Device" Cgroup="SDK Drivers" Csub="adc" Cvendor="NXP" id="platform.drivers.adc16" name="ADC16 Driver" prj_file="fsl_adc16.c" version="2.0.0" version_prj_files="fsl_adc16.h"/>
  <sdk_component Cbundle="MCUXpresso SDK" Cclass="Device" Cgroup="SDK Drivers" Csub="clock" Cvendor="NXP" id="platform.drivers.clock" name="Clock Driver" prj_file="fsl_clock.c" version="2.1.0" version_prj_files="fsl_clock.h"/>
  <sdk_component Cbundle="MCUXpresso SDK" Cclass="Device" Cgroup="SDK Drivers" Csub="cmp" Cvendor="NXP" id="platform.drivers.cmp" name="CMP Driver" prj_file="fsl_cmp.c" version="2.0.0" version_prj_files="fsl_cmp.h"/>
  <sdk_component Cbundle="MCUXpresso SDK" Cclass="Device" Cgroup="SDK Drivers" Csub="cmt" Cvendor="NXP" id="platform.drivers.cmt" name="CMT Driver" prj_file="fsl_cmt.c" version="2.0.1" version_prj_files="fsl_cmt.h"/>
  <sdk_component Cbundle="MCUXpresso SDK" Cclass="Device" Cgroup="SDK Drivers" Csub="common" Cvendor="NXP" id="platform.drivers.common" name="COMMON Driver" prj_file="fsl_common.c" version="2.0.0" version_prj_files="fsl_common.h"/>
  <sdk_component Cbundle="MCUXpresso SDK" Cclass="Device" Cgroup="SDK Drivers" Csub="crc" Cvendor="NXP" id="platform.drivers.crc" name="CRC Driver" prj_file="fsl_crc.c" version="2.0.1" version_prj_files="fsl_crc.h"/>
  <sdk_component Cbundle="MCUXpresso SDK" Cclass="Device" Cgroup="SDK Drivers" Csub="dac" Cvendor="NXP" id="platform.drivers.dac" name="DAC Driver" prj_file="fsl_dac.c" version="2.0.1" version_prj_files="fsl_dac.h"/>
  <sdk_component Cbundle="MCUXpresso SDK" Cclass="Device" Cgroup="SDK Drivers" Csub="dmamux" Cvendor="NXP" id="platform.drivers.dmamux" name="DMAMUX Driver" prj_file="fsl_dmamux.c" version="2.0.2" version_prj_files="fsl_dmamux.h"/>
  <sdk_component id="platform.drivers.dspi" name="DSPI Driver" prj_file="fsl_dspi.c" version="2.1.4" version_prj_files="fsl_dspi.h"/>
  <sdk_component Cbundle="MCUXpresso SDK" Cclass="Device" Cgroup="SDK Drivers" Csub="dspi" Cvendor="NXP" id="platform.drivers.dspi" name="DSPI Driver" prj_file="fsl_dspi.c" version="2.2.0" version_prj_files="fsl_dspi.h"/>
  <sdk_component Cbundle="MCUXpresso SDK" Cclass="Device" Cgroup="SDK Drivers" Csub="dspi_dma" Cvendor="NXP" id="platform.drivers.dspi_dma" name="DSPI Driver" prj_file="fsl_dspi_dma.c" version="2.2.0" version_prj_files="fsl_dspi_dma.h"/>
  <sdk_component Cbundle="MCUXpresso SDK" Cclass="Device" Cgroup="SDK Drivers" Csub="dspi_edma" Cvendor="NXP" id="platform.drivers.dspi_edma" name="DSPI_EDMA Driver" prj_file="fsl_dspi_edma.c" version="2.2.0" version_prj_files="fsl_dspi_edma.h"/>
  <sdk_component Cbundle="MCUXpresso SDK" Cclass="Device" Cgroup="SDK Drivers" Csub="dspi_freertos" Cvendor="NXP" id="platform.drivers.dspi_freertos" name="DSPI Driver" prj_file="fsl_dspi_freertos.c" version="2.2.0" version_prj_files="fsl_dspi_freertos.h"/>
  <sdk_component id="platform.drivers.edma" name="EDMA Driver" prj_file="fsl_edma.c" version="2.1.1" version_prj_files="fsl_edma.h fsl_edma_request.h"/>
  <sdk_component Cbundle="MCUXpresso SDK" Cclass="Device" Cgroup="SDK Drivers" Csub="edma" Cvendor="NXP" id="platform.drivers.edma" name="EDMA Driver" prj_file="fsl_edma.c" version="2.1.2" version_prj_files="fsl_edma.h"/>
  <sdk_component id="platform.drivers.enet" name="ENET Driver" prj_file="fsl_enet.c" version="2.1.1" version_prj_files="fsl_enet.h"/>
  <sdk_component Cbundle="MCUXpresso SDK" Cclass="Device" Cgroup="SDK Drivers" Csub="enet" Cvendor="NXP" id="platform.drivers.enet" name="ENET Driver" prj_file="fsl_enet.c" version="2.2.2" version_prj_files="fsl_enet.h"/>
  <!--{"tag": "REL_SDK_2.4.0_REL8_RFP_RC2_1_PRE", "created": "2018-04-17 09:49:13.184000"}-->
  <sdk_component Cbundle="MCUXpresso SDK" Cclass="Device" Cgroup="SDK Drivers" Csub="enet" Cvendor="NXP" id="platform.drivers.enet" name="ENET Driver" prj_file="fsl_enet.c" version="2.2.3" version_prj_files="fsl_enet.h"/>
  <sdk_component Cbundle="MCUXpresso SDK" Cclass="Device" Cgroup="SDK Drivers" Csub="ewm" Cvendor="NXP" id="platform.drivers.ewm" name="EWM Driver" prj_file="fsl_ewm.c" version="2.0.1" version_prj_files="fsl_ewm.h"/>
  <sdk_component id="platform.drivers.flash" name="Flash Driver" prj_file="fsl_flash.c" version="2.2.0" version_prj_files="fsl_flash.h"/>
  <sdk_component Cbundle="MCUXpresso SDK" Cclass="Device" Cgroup="SDK Drivers" Csub="flash" Cvendor="NXP" id="platform.drivers.flash" name="Flash Driver" prj_file="fsl_flash.c" version="2.4.1" version_prj_files="fsl_flash.h"/>
  <!--{"tag": "REL_SDK_2.4.0_REL8_RFP_RC2_1_PRE", "created": "2018-04-17 09:49:13.184000"}-->
  <sdk_component Cbundle="MCUXpresso SDK" Cclass="Device" Cgroup="SDK Drivers" Csub="flash" Cvendor="NXP" id="platform.drivers.flash" name="Flash Driver" prj_file="fsl_ftfx_cache.c" version="3.0.0" version_prj_files="fsl_flash.h fsl_ftfx_adapter.h fsl_ftfx_cache.h fsl_ftfx_controller.h fsl_ftfx_features.h fsl_ftfx_flash.h fsl_ftfx_flexnvm.h fsl_ftfx_utilities.h"/>
  <sdk_component Cbundle="MCUXpresso SDK" Cclass="Device" Cgroup="SDK Drivers" Csub="flexbus" Cvendor="NXP" id="platform.drivers.flexbus" name="FLEXBUS Driver" prj_file="fsl_flexbus.c" version="2.0.1" version_prj_files="fsl_flexbus.h"/>
  <sdk_component Cbundle="MCUXpresso SDK" Cclass="Device" Cgroup="SDK Drivers" Csub="flexcan" Cvendor="NXP" id="platform.drivers.flexcan" name="FLEXCAN Driver" prj_file="fsl_flexcan.c" version="2.2.0" version_prj_files="fsl_flexcan.h"/>
  <sdk_component Cbundle="MCUXpresso SDK" Cclass="Device" Cgroup="SDK Drivers" Csub="flexcan_edma" Cvendor="NXP" id="platform.drivers.flexcan_edma" name="FLEXCAN Driver" prj_file="fsl_flexcan_edma.c" version="2.2.0" version_prj_files="fsl_flexcan_edma.h"/>
  <sdk_component Cbundle="MCUXpresso SDK" Cclass="Device" Cgroup="SDK Drivers" Csub="ftm" Cvendor="NXP" id="platform.drivers.ftm" name="FTM Driver" prj_file="fsl_ftm.c" version="2.0.2" version_prj_files="fsl_ftm.h"/>
  <!--{"tag": "REL_SDK_2.4.0_REL8_RFP_RC3_0_PRE", "created": "2018-04-30 16:22:22.607000"}-->
  <sdk_component Cbundle="MCUXpresso SDK" Cclass="Device" Cgroup="SDK Drivers" Csub="ftm" Cvendor="NXP" id="platform.drivers.ftm" name="FTM Driver" prj_file="fsl_ftm.c" version="2.0.4" version_prj_files="fsl_ftm.h"/>
  <sdk_component id="platform.drivers.gpio" name="GPIO Driver" prj_file="fsl_gpio.c" version="2.1.1" version_prj_files="fsl_gpio.h"/>
  <sdk_component Cbundle="MCUXpresso SDK" Cclass="Device" Cgroup="SDK Drivers" Csub="gpio" Cvendor="NXP" id="platform.drivers.gpio" name="GPIO Driver" prj_file="fsl_gpio.c" version="2.2.1" version_prj_files="fsl_gpio.h"/>
  <sdk_component id="platform.drivers.i2c" name="I2C Driver" prj_file="fsl_i2c.c" version="2.0.3" version_prj_files="fsl_i2c.h"/>
  <sdk_component Cbundle="MCUXpresso SDK" Cclass="Device" Cgroup="SDK Drivers" Csub="i2c" Cvendor="NXP" id="platform.drivers.i2c" name="I2C Driver" prj_file="fsl_i2c.c" version="2.0.5" version_prj_files="fsl_i2c.h"/>
  <sdk_component Cbundle="MCUXpresso SDK" Cclass="Device" Cgroup="SDK Drivers" Csub="i2c_dma" Cvendor="NXP" id="platform.drivers.i2c_dma" name="I2C Driver" prj_file="fsl_i2c_dma.c" version="2.0.5" version_prj_files="fsl_i2c_dma.h"/>
  <sdk_component Cbundle="MCUXpresso SDK" Cclass="Device" Cgroup="SDK Drivers" Csub="i2c_edma" Cvendor="NXP" id="platform.drivers.i2c_edma" name="I2C Driver" prj_file="fsl_i2c_edma.c" version="2.0.5" version_prj_files="fsl_i2c_edma.h"/>
  <sdk_component Cbundle="MCUXpresso SDK" Cclass="Device" Cgroup="SDK Drivers" Csub="i2c_freertos" Cvendor="NXP" id="platform.drivers.i2c_freertos" name="I2C Driver" prj_file="fsl_i2c_freertos.c" version="2.0.5" version_prj_files="fsl_i2c_freertos.h"/>
  <sdk_component Cbundle="MCUXpresso SDK" Cclass="Device" Cgroup="SDK Drivers" Csub="llwu" Cvendor="NXP" id="platform.drivers.llwu" name="LLWU Driver" prj_file="fsl_llwu.c" version="2.0.1" version_prj_files="fsl_llwu.h"/>
  <sdk_component id="platform.drivers.lptmr" name="LPTMR Driver" prj_file="fsl_lptmr.c" version="2.0.0" version_prj_files="fsl_lptmr.h"/>
  <sdk_component Cbundle="MCUXpresso SDK" Cclass="Device" Cgroup="SDK Drivers" Csub="lptmr" Cvendor="NXP" id="platform.drivers.lptmr" name="LPTMR Driver" prj_file="fsl_lptmr.c" version="2.0.1" version_prj_files="fsl_lptmr.h"/>
  <sdk_component Cbundle="MCUXpresso SDK" Cclass="Device" Cgroup="SDK Drivers" Csub="pdb" Cvendor="NXP" id="platform.drivers.pdb" name="PDB Driver" prj_file="fsl_pdb.c" version="2.0.1" version_prj_files="fsl_pdb.h"/>
  <sdk_component Cbundle="MCUXpresso SDK" Cclass="Device" Cgroup="SDK Drivers" Csub="pit" Cvendor="NXP" id="platform.drivers.pit" name="PIT Driver" prj_file="fsl_pit.c" version="2.0.0" version_prj_files="fsl_pit.h"/>
  <sdk_component Cbundle="MCUXpresso SDK" Cclass="Device" Cgroup="SDK Drivers" Csub="pmc" Cvendor="NXP" id="platform.drivers.pmc" name="PMC Driver" prj_file="fsl_pmc.c" version="2.0.0" version_prj_files="fsl_pmc.h"/>
  <sdk_component Cbundle="MCUXpresso SDK" Cclass="Device" Cgroup="SDK Drivers" Csub="port" Cvendor="NXP" id="platform.drivers.port" name="PORT Driver" prj_file="fsl_port.h" version="2.0.2" version_prj_files="fsl_port.h"/>
  <sdk_component Cbundle="MCUXpresso SDK" Cclass="Device" Cgroup="SDK Drivers" Csub="rcm" Cvendor="NXP" id="platform.drivers.rcm" name="RCM Driver" prj_file="fsl_rcm.c" version="2.0.1" version_prj_files="fsl_rcm.h"/>
  <sdk_component Cbundle="MCUXpresso SDK" Cclass="Device" Cgroup="SDK Drivers" Csub="rnga" Cvendor="NXP" id="platform.drivers.rnga" name="RNGA Driver" prj_file="fsl_rnga.c" version="2.0.1" version_prj_files="fsl_rnga.h"/>
  <sdk_component Cbundle="MCUXpresso SDK" Cclass="Device" Cgroup="SDK Drivers" Csub="rtc" Cvendor="NXP" id="platform.drivers.rtc" name="RTC Driver" prj_file="fsl_rtc.c" version="2.0.0" version_prj_files="fsl_rtc.h"/>
  <sdk_component id="platform.drivers.sai" name="SAI Driver" prj_file="fsl_sai.c" version="2.1.1" version_prj_files="fsl_sai.h"/>
  <sdk_component Cbundle="MCUXpresso SDK" Cclass="Device" Cgroup="SDK Drivers" Csub="sai" Cvendor="NXP" id="platform.drivers.sai" name="SAI Driver" prj_file="fsl_sai.c" version="2.1.3" version_prj_files="fsl_sai.h"/>
  <!--{"tag": "REL_SDK_2.4.0_REL8_RFP_RC2_1_PRE", "created": "2018-04-17 09:49:13.184000"}-->
  <sdk_component Cbundle="MCUXpresso SDK" Cclass="Device" Cgroup="SDK Drivers" Csub="sai" Cvendor="NXP" id="platform.drivers.sai" name="SAI Driver" prj_file="fsl_sai.c" version="2.1.4" version_prj_files="fsl_sai.h"/>
  <sdk_component Cbundle="MCUXpresso SDK" Cclass="Device" Cgroup="SDK Drivers" Csub="sai_dma" Cvendor="NXP" id="platform.drivers.sai_dma" name="SAI Driver" prj_file="fsl_sai_dma.c" version="2.1.3" version_prj_files="fsl_sai_dma.h"/>
  <!--{"tag": "REL_SDK_2.4.0_REL8_RFP_RC2_1_PRE", "created": "2018-04-17 09:49:13.184000"}-->
  <sdk_component Cbundle="MCUXpresso SDK" Cclass="Device" Cgroup="SDK Drivers" Csub="sai_dma" Cvendor="NXP" id="platform.drivers.sai_dma" name="SAI Driver" prj_file="fsl_sai_dma.c" version="2.1.4" version_prj_files="fsl_sai_dma.h"/>
  <sdk_component Cbundle="MCUXpresso SDK" Cclass="Device" Cgroup="SDK Drivers" Csub="sai_edma" Cvendor="NXP" id="platform.drivers.sai_edma" name="SAI Driver" prj_file="fsl_sai_edma.c" version="2.1.3" version_prj_files="fsl_sai_edma.h"/>
  <!--{"tag": "REL_SDK_2.4.0_REL8_RFP_RC2_1_PRE", "created": "2018-04-17 09:49:13.184000"}-->
  <sdk_component Cbundle="MCUXpresso SDK" Cclass="Device" Cgroup="SDK Drivers" Csub="sai_edma" Cvendor="NXP" id="platform.drivers.sai_edma" name="SAI Driver" prj_file="fsl_sai_edma.c" version="2.1.4" version_prj_files="fsl_sai_edma.h"/>
  <sdk_component Cbundle="MCUXpresso SDK" Cclass="Device" Cgroup="SDK Drivers" Csub="sai_sdma" Cvendor="NXP" id="platform.drivers.sai_sdma" name="SAI Driver" prj_file="fsl_sai_sdma.c" version="2.1.3" version_prj_files="fsl_sai_sdma.h"/>
  <!--{"tag": "REL_SDK_2.4.0_REL8_RFP_RC2_1_PRE", "created": "2018-04-17 09:49:13.184000"}-->
  <sdk_component Cbundle="MCUXpresso SDK" Cclass="Device" Cgroup="SDK Drivers" Csub="sai_sdma" Cvendor="NXP" id="platform.drivers.sai_sdma" name="SAI Driver" prj_file="fsl_sai_sdma.c" version="2.1.4" version_prj_files="fsl_sai_sdma.h"/>
  <sdk_component Cbundle="MCUXpresso SDK" Cclass="Device" Cgroup="SDK Drivers" Csub="sdhc" Cvendor="NXP" id="platform.drivers.sdhc" name="SDHC Driver" prj_file="fsl_sdhc.c" version="2.0.0" version_prj_files="fsl_sdhc.h"/>
  <sdk_component id="platform.drivers.sdhc" name="SDHC Driver" prj_file="fsl_sdhc.c" version="2.1.5" version_prj_files="fsl_sdhc.h"/>
  <!--{"tag": "REL_SDK_2.4.0_REL8_RFP_RC2_1_PRE", "created": "2018-04-17 09:49:13.184000"}-->
  <sdk_component Cbundle="MCUXpresso SDK" Cclass="Device" Cgroup="SDK Drivers" Csub="sdhc" Cvendor="NXP" id="platform.drivers.sdhc" name="SDHC Driver" prj_file="fsl_sdhc.c" version="2.1.6" version_prj_files="fsl_sdhc.h"/>
  <!--{"tag": "REL_SDK_2.4.0_REL8_RFP_RC3_0_PRE", "created": "2018-04-30 16:22:22.607000"}-->
  <sdk_component Cbundle="MCUXpresso SDK" Cclass="Device" Cgroup="SDK Drivers" Csub="sdhc" Cvendor="NXP" id="platform.drivers.sdhc" name="SDHC Driver" prj_file="fsl_sdhc.c" version="2.1.7" version_prj_files="fsl_sdhc.h"/>
  <sdk_component id="platform.drivers.sim" name="SIM Driver" prj_file="fsl_sim.c" version="2.0.0" version_prj_files="fsl_sim.h"/>
  <sdk_component Cbundle="MCUXpresso SDK" Cclass="Device" Cgroup="SDK Drivers" Csub="sim" Cvendor="NXP" id="platform.drivers.sim" name="SIM Driver" prj_file="fsl_sim.c" version="2.1.0" version_prj_files="fsl_sim.h"/>
  <sdk_component Cbundle="MCUXpresso SDK" Cclass="Device" Cgroup="SDK Drivers" Csub="smc" Cvendor="NXP" id="platform.drivers.smc" name="SMC Driver" prj_file="fsl_smc.c" version="2.0.3" version_prj_files="fsl_smc.h"/>
  <sdk_component Cbundle="MCUXpresso SDK" Cclass="Device" Cgroup="SDK Drivers" Csub="sysmpu" Cvendor="NXP" id="platform.drivers.sysmpu" name="SYSMPU Driver" prj_file="fsl_sysmpu.c" version="2.2.0" version_prj_files="fsl_sysmpu.h"/>
  <!--{"tag": "REL_SDK_2.4.0_REL8_RFP_RC2_1_PRE", "created": "2018-04-17 09:49:13.184000"}-->
  <sdk_component Cbundle="MCUXpresso SDK" Cclass="Device" Cgroup="SDK Drivers" Csub="sysmpu" Cvendor="NXP" id="platform.drivers.sysmpu" name="SYSMPU Driver" prj_file="fsl_sysmpu.c" version="2.2.1" version_prj_files="fsl_sysmpu.h"/>
  <sdk_component id="platform.drivers.uart" name="UART Driver" prj_file="fsl_uart.c" version="2.1.4" version_prj_files="fsl_uart.h"/>
  <sdk_component Cbundle="MCUXpresso SDK" Cclass="Device" Cgroup="SDK Drivers" Csub="uart" Cvendor="NXP" id="platform.drivers.uart" name="UART Driver" prj_file="fsl_uart.c" version="2.1.5" version_prj_files="fsl_uart.h"/>
  <sdk_component Cbundle="MCUXpresso SDK" Cclass="Device" Cgroup="SDK Drivers" Csub="uart_dma" Cvendor="NXP" id="platform.drivers.uart_dma" name="UART Driver" prj_file="fsl_uart_dma.c" version="2.1.5" version_prj_files="fsl_uart_dma.h"/>
  <sdk_component Cbundle="MCUXpresso SDK" Cclass="Device" Cgroup="SDK Drivers" Csub="uart_edma" Cvendor="NXP" id="platform.drivers.uart_edma" name="UART Driver" prj_file="fsl_uart_edma.c" version="2.1.5" version_prj_files="fsl_uart_edma.h"/>
  <sdk_component Cbundle="MCUXpresso SDK" Cclass="Device" Cgroup="SDK Drivers" Csub="uart_freertos" Cvendor="NXP" id="platform.drivers.uart_freertos" name="UART Driver" prj_file="fsl_uart_freertos.c" version="2.1.5" version_prj_files="fsl_uart_freertos.h"/>
  <sdk_component Cbundle="MCUXpresso SDK" Cclass="Device" Cgroup="SDK Drivers" Csub="wdog" Cvendor="NXP" id="platform.drivers.wdog" name="WDOG Driver" prj_file="fsl_wdog.c" version="2.0.0" version_prj_files="fsl_wdog.h"/>
</sdk_components>
