<?xml version="1.0"?>
<regs:peripheral xmlns:regs="http://swtools.freescale.net/XSD/registers/1.0/regsPeripheral.xsd" xmlns:xsi="http://www.w3.org/2001/XMLSchema-instance" xsi:schemaLocation="http://swtools.freescale.net/XSD/registers/1.0/regsPeripheral.xsd http://swtools.freescale.net/XSD/registers/1.0/regsPeripheral.xsd">
  <register offset="0x8" width="32" name="SCB_ACTLR" description="Auxiliary Control Register,">
    <bit_field offset="0" width="1" name="DISMCYCINT" access="RW" reset_value="0" description="Disables interruption of multi-cycle instructions."/>
    <bit_field offset="1" width="1" name="DISDEFWBUF" access="RW" reset_value="0" description="Disables write buffer use during default memory map accesses."/>
    <bit_field offset="2" width="1" name="DISFOLD" access="RW" reset_value="0" description="Disables folding of IT instructions."/>
    <reserved_bit_field offset="3" width="1" reset_value="0"/>
    <reserved_bit_field offset="4" width="1" reset_value="0"/>
    <reserved_bit_field offset="5" width="1" reset_value="0"/>
    <reserved_bit_field offset="6" width="1" reset_value="0"/>
    <reserved_bit_field offset="7" width="1" reset_value="0"/>
    <reserved_bit_field offset="8" width="1" reset_value="0"/>
    <reserved_bit_field offset="9" width="1" reset_value="0"/>
    <reserved_bit_field offset="10" width="1" reset_value="0"/>
    <reserved_bit_field offset="11" width="1" reset_value="0"/>
    <reserved_bit_field offset="12" width="1" reset_value="0"/>
    <reserved_bit_field offset="13" width="1" reset_value="0"/>
    <reserved_bit_field offset="14" width="1" reset_value="0"/>
    <reserved_bit_field offset="15" width="1" reset_value="0"/>
    <reserved_bit_field offset="16" width="1" reset_value="0"/>
    <reserved_bit_field offset="17" width="1" reset_value="0"/>
    <reserved_bit_field offset="18" width="1" reset_value="0"/>
    <reserved_bit_field offset="19" width="1" reset_value="0"/>
    <reserved_bit_field offset="20" width="1" reset_value="0"/>
    <reserved_bit_field offset="21" width="1" reset_value="0"/>
    <reserved_bit_field offset="22" width="1" reset_value="0"/>
    <reserved_bit_field offset="23" width="1" reset_value="0"/>
    <reserved_bit_field offset="24" width="1" reset_value="0"/>
    <reserved_bit_field offset="25" width="1" reset_value="0"/>
    <reserved_bit_field offset="26" width="1" reset_value="0"/>
    <reserved_bit_field offset="27" width="1" reset_value="0"/>
    <reserved_bit_field offset="28" width="1" reset_value="0"/>
    <reserved_bit_field offset="29" width="1" reset_value="0"/>
    <reserved_bit_field offset="30" width="1" reset_value="0"/>
    <reserved_bit_field offset="31" width="1" reset_value="0"/>
  </register>
  <register offset="0xD00" width="32" name="SCB_CPUID" description="CPUID Base Register">
    <bit_field offset="0" width="4" name="REVISION" access="RO" reset_value="0" description="Indicates patch release: 0x0 = Patch 0"/>
    <bit_field offset="4" width="12" name="PARTNO" access="RO" reset_value="0xC24" description="Indicates part number"/>
    <reserved_bit_field offset="16" width="1" reset_value="0x1"/>
    <reserved_bit_field offset="17" width="1" reset_value="0x1"/>
    <reserved_bit_field offset="18" width="1" reset_value="0x1"/>
    <reserved_bit_field offset="19" width="1" reset_value="0x1"/>
    <bit_field offset="20" width="4" name="VARIANT" access="RO" reset_value="0" description="Indicates processor revision: 0x2 = Revision 2"/>
    <bit_field offset="24" width="8" name="IMPLEMENTER" access="RO" reset_value="0x41" description="Implementer code"/>
  </register>
  <register offset="0xD04" width="32" name="SCB_ICSR" description="Interrupt Control and State Register">
    <bit_field offset="0" width="9" name="VECTACTIVE" access="RO" reset_value="0" description="Active exception number"/>
    <reserved_bit_field offset="9" width="1" reset_value="0"/>
    <reserved_bit_field offset="10" width="1" reset_value="0"/>
    <bit_field offset="11" width="1" name="RETTOBASE" access="RO" reset_value="0" description=""/>
    <bit_field offset="12" width="6" name="VECTPENDING" access="RO" reset_value="0" description="Exception number of the highest priority pending enabled exception"/>
    <reserved_bit_field offset="18" width="1" reset_value="0"/>
    <reserved_bit_field offset="19" width="1" reset_value="0"/>
    <reserved_bit_field offset="20" width="1" reset_value="0"/>
    <reserved_bit_field offset="21" width="1" reset_value="0"/>
    <bit_field offset="22" width="1" name="ISRPENDING" access="RO" reset_value="0" description=""/>
    <bit_field offset="23" width="1" name="ISRPREEMPT" access="RO" reset_value="0" description=""/>
    <reserved_bit_field offset="24" width="1" reset_value="0"/>
    <bit_field offset="25" width="1" name="PENDSTCLR" access="WO" reset_value="0" description=""/>
    <bit_field offset="26" width="1" name="PENDSTSET" access="RW" reset_value="0" description=""/>
    <bit_field offset="27" width="1" name="PENDSVCLR" access="WO" reset_value="0" description=""/>
    <bit_field offset="28" width="1" name="PENDSVSET" access="RW" reset_value="0" description=""/>
    <reserved_bit_field offset="29" width="1" reset_value="0"/>
    <reserved_bit_field offset="30" width="1" reset_value="0"/>
    <bit_field offset="31" width="1" name="NMIPENDSET" access="RW" reset_value="0" description=""/>
  </register>
  <register offset="0xD08" width="32" name="SCB_VTOR" description="Vector Table Offset Register">
    <reserved_bit_field offset="0" width="1" reset_value="0"/>
    <reserved_bit_field offset="1" width="1" reset_value="0"/>
    <reserved_bit_field offset="2" width="1" reset_value="0"/>
    <reserved_bit_field offset="3" width="1" reset_value="0"/>
    <reserved_bit_field offset="4" width="1" reset_value="0"/>
    <reserved_bit_field offset="5" width="1" reset_value="0"/>
    <reserved_bit_field offset="6" width="1" reset_value="0"/>
    <bit_field offset="7" width="25" name="TBLOFF" access="RW" reset_value="0" description="Vector table base offset"/>
  </register>
  <register offset="0xD0C" width="32" name="SCB_AIRCR" description="Application Interrupt and Reset Control Register">
    <bit_field offset="0" width="1" name="VECTRESET" access="WO" reset_value="0" description=""/>
    <bit_field offset="1" width="1" name="VECTCLRACTIVE" access="WO" reset_value="0" description=""/>
    <bit_field offset="2" width="1" name="SYSRESETREQ" access="WO" reset_value="0" description=""/>
    <reserved_bit_field offset="3" width="1" reset_value="0"/>
    <reserved_bit_field offset="4" width="1" reset_value="0"/>
    <reserved_bit_field offset="5" width="1" reset_value="0"/>
    <reserved_bit_field offset="6" width="1" reset_value="0"/>
    <reserved_bit_field offset="7" width="1" reset_value="0"/>
    <bit_field offset="8" width="3" name="PRIGROUP" access="RW" reset_value="0" description="Interrupt priority grouping field. This field determines the split of group priority from subpriority."/>
    <reserved_bit_field offset="11" width="1" reset_value="0"/>
    <reserved_bit_field offset="12" width="1" reset_value="0"/>
    <reserved_bit_field offset="13" width="1" reset_value="0"/>
    <reserved_bit_field offset="14" width="1" reset_value="0"/>
    <bit_field offset="15" width="1" name="ENDIANNESS" access="RO" reset_value="0" description=""/>
    <bit_field offset="16" width="16" name="VECTKEY" access="RW" reset_value="0xFA05" description="Register key"/>
  </register>
  <register offset="0xD10" width="32" name="SCB_SCR" description="System Control Register">
    <reserved_bit_field offset="0" width="1" reset_value="0"/>
    <bit_field offset="1" width="1" name="SLEEPONEXIT" access="RW" reset_value="0" description=""/>
    <bit_field offset="2" width="1" name="SLEEPDEEP" access="RW" reset_value="0" description=""/>
    <reserved_bit_field offset="3" width="1" reset_value="0"/>
    <bit_field offset="4" width="1" name="SEVONPEND" access="RW" reset_value="0" description=""/>
    <reserved_bit_field offset="5" width="1" reset_value="0"/>
    <reserved_bit_field offset="6" width="1" reset_value="0"/>
    <reserved_bit_field offset="7" width="1" reset_value="0"/>
    <reserved_bit_field offset="8" width="1" reset_value="0"/>
    <reserved_bit_field offset="9" width="1" reset_value="0"/>
    <reserved_bit_field offset="10" width="1" reset_value="0"/>
    <reserved_bit_field offset="11" width="1" reset_value="0"/>
    <reserved_bit_field offset="12" width="1" reset_value="0"/>
    <reserved_bit_field offset="13" width="1" reset_value="0"/>
    <reserved_bit_field offset="14" width="1" reset_value="0"/>
    <reserved_bit_field offset="15" width="1" reset_value="0"/>
    <reserved_bit_field offset="16" width="1" reset_value="0"/>
    <reserved_bit_field offset="17" width="1" reset_value="0"/>
    <reserved_bit_field offset="18" width="1" reset_value="0"/>
    <reserved_bit_field offset="19" width="1" reset_value="0"/>
    <reserved_bit_field offset="20" width="1" reset_value="0"/>
    <reserved_bit_field offset="21" width="1" reset_value="0"/>
    <reserved_bit_field offset="22" width="1" reset_value="0"/>
    <reserved_bit_field offset="23" width="1" reset_value="0"/>
    <reserved_bit_field offset="24" width="1" reset_value="0"/>
    <reserved_bit_field offset="25" width="1" reset_value="0"/>
    <reserved_bit_field offset="26" width="1" reset_value="0"/>
    <reserved_bit_field offset="27" width="1" reset_value="0"/>
    <reserved_bit_field offset="28" width="1" reset_value="0"/>
    <reserved_bit_field offset="29" width="1" reset_value="0"/>
    <reserved_bit_field offset="30" width="1" reset_value="0"/>
    <reserved_bit_field offset="31" width="1" reset_value="0"/>
  </register>
  <register offset="0xD14" width="32" name="SCB_CCR" description="Configuration and Control Register">
    <bit_field offset="0" width="1" name="NONBASETHRDENA" access="RW" reset_value="0" description=""/>
    <bit_field offset="1" width="1" name="USERSETMPEND" access="RW" reset_value="0" description="Enables unprivileged software access to the STIR"/>
    <reserved_bit_field offset="2" width="1" reset_value="0"/>
    <bit_field offset="3" width="1" name="UNALIGN_TRP" access="RW" reset_value="0" description="Enables unaligned access traps"/>
    <bit_field offset="4" width="1" name="DIV_0_TRP" access="RW" reset_value="0" description="Enables faulting or halting when the processor executes an SDIV or UDIV instruction with a divisor of 0"/>
    <reserved_bit_field offset="5" width="1" reset_value="0"/>
    <reserved_bit_field offset="6" width="1" reset_value="0"/>
    <reserved_bit_field offset="7" width="1" reset_value="0"/>
    <bit_field offset="8" width="1" name="BFHFNMIGN" access="RW" reset_value="0" description="Enables handlers with priority -1 or -2 to ignore data BusFaults caused by load and store instructions."/>
    <bit_field offset="9" width="1" name="STKALIGN" access="RW" reset_value="0" description="Indicates stack alignment on exception entry"/>
    <reserved_bit_field offset="10" width="1" reset_value="0"/>
    <reserved_bit_field offset="11" width="1" reset_value="0"/>
    <reserved_bit_field offset="12" width="1" reset_value="0"/>
    <reserved_bit_field offset="13" width="1" reset_value="0"/>
    <reserved_bit_field offset="14" width="1" reset_value="0"/>
    <reserved_bit_field offset="15" width="1" reset_value="0"/>
    <reserved_bit_field offset="16" width="1" reset_value="0"/>
    <reserved_bit_field offset="17" width="1" reset_value="0"/>
    <reserved_bit_field offset="18" width="1" reset_value="0"/>
    <reserved_bit_field offset="19" width="1" reset_value="0"/>
    <reserved_bit_field offset="20" width="1" reset_value="0"/>
    <reserved_bit_field offset="21" width="1" reset_value="0"/>
    <reserved_bit_field offset="22" width="1" reset_value="0"/>
    <reserved_bit_field offset="23" width="1" reset_value="0"/>
    <reserved_bit_field offset="24" width="1" reset_value="0"/>
    <reserved_bit_field offset="25" width="1" reset_value="0"/>
    <reserved_bit_field offset="26" width="1" reset_value="0"/>
    <reserved_bit_field offset="27" width="1" reset_value="0"/>
    <reserved_bit_field offset="28" width="1" reset_value="0"/>
    <reserved_bit_field offset="29" width="1" reset_value="0"/>
    <reserved_bit_field offset="30" width="1" reset_value="0"/>
    <reserved_bit_field offset="31" width="1" reset_value="0"/>
  </register>
  <register offset="0xD18" width="32" name="SCB_SHPR1" description="System Handler Priority Register 1">
    <bit_field offset="0" width="8" name="PRI_4" access="RW" reset_value="0" description="Priority of system handler 4, MemManage"/>
    <bit_field offset="8" width="8" name="PRI_5" access="RW" reset_value="0" description="Priority of system handler 5, BusFault"/>
    <bit_field offset="16" width="8" name="PRI_6" access="RW" reset_value="0" description="Priority of system handler 6, UsageFault"/>
    <reserved_bit_field offset="24" width="1" reset_value="0"/>
    <reserved_bit_field offset="25" width="1" reset_value="0"/>
    <reserved_bit_field offset="26" width="1" reset_value="0"/>
    <reserved_bit_field offset="27" width="1" reset_value="0"/>
    <reserved_bit_field offset="28" width="1" reset_value="0"/>
    <reserved_bit_field offset="29" width="1" reset_value="0"/>
    <reserved_bit_field offset="30" width="1" reset_value="0"/>
    <reserved_bit_field offset="31" width="1" reset_value="0"/>
  </register>
  <register offset="0xD1C" width="32" name="SCB_SHPR2" description="System Handler Priority Register 2">
    <reserved_bit_field offset="0" width="1" reset_value="0"/>
    <reserved_bit_field offset="1" width="1" reset_value="0"/>
    <reserved_bit_field offset="2" width="1" reset_value="0"/>
    <reserved_bit_field offset="3" width="1" reset_value="0"/>
    <reserved_bit_field offset="4" width="1" reset_value="0"/>
    <reserved_bit_field offset="5" width="1" reset_value="0"/>
    <reserved_bit_field offset="6" width="1" reset_value="0"/>
    <reserved_bit_field offset="7" width="1" reset_value="0"/>
    <reserved_bit_field offset="8" width="1" reset_value="0"/>
    <reserved_bit_field offset="9" width="1" reset_value="0"/>
    <reserved_bit_field offset="10" width="1" reset_value="0"/>
    <reserved_bit_field offset="11" width="1" reset_value="0"/>
    <reserved_bit_field offset="12" width="1" reset_value="0"/>
    <reserved_bit_field offset="13" width="1" reset_value="0"/>
    <reserved_bit_field offset="14" width="1" reset_value="0"/>
    <reserved_bit_field offset="15" width="1" reset_value="0"/>
    <reserved_bit_field offset="16" width="1" reset_value="0"/>
    <reserved_bit_field offset="17" width="1" reset_value="0"/>
    <reserved_bit_field offset="18" width="1" reset_value="0"/>
    <reserved_bit_field offset="19" width="1" reset_value="0"/>
    <reserved_bit_field offset="20" width="1" reset_value="0"/>
    <reserved_bit_field offset="21" width="1" reset_value="0"/>
    <reserved_bit_field offset="22" width="1" reset_value="0"/>
    <reserved_bit_field offset="23" width="1" reset_value="0"/>
    <bit_field offset="24" width="8" name="PRI_11" access="RW" reset_value="0" description="Priority of system handler 11, SVCall"/>
  </register>
  <register offset="0xD20" width="32" name="SCB_SHPR3" description="System Handler Priority Register 3">
    <reserved_bit_field offset="0" width="1" reset_value="0"/>
    <reserved_bit_field offset="1" width="1" reset_value="0"/>
    <reserved_bit_field offset="2" width="1" reset_value="0"/>
    <reserved_bit_field offset="3" width="1" reset_value="0"/>
    <reserved_bit_field offset="4" width="1" reset_value="0"/>
    <reserved_bit_field offset="5" width="1" reset_value="0"/>
    <reserved_bit_field offset="6" width="1" reset_value="0"/>
    <reserved_bit_field offset="7" width="1" reset_value="0"/>
    <reserved_bit_field offset="8" width="1" reset_value="0"/>
    <reserved_bit_field offset="9" width="1" reset_value="0"/>
    <reserved_bit_field offset="10" width="1" reset_value="0"/>
    <reserved_bit_field offset="11" width="1" reset_value="0"/>
    <reserved_bit_field offset="12" width="1" reset_value="0"/>
    <reserved_bit_field offset="13" width="1" reset_value="0"/>
    <reserved_bit_field offset="14" width="1" reset_value="0"/>
    <reserved_bit_field offset="15" width="1" reset_value="0"/>
    <bit_field offset="16" width="8" name="PRI_14" access="RW" reset_value="0" description="Priority of system handler 14, PendSV"/>
    <bit_field offset="24" width="8" name="PRI_15" access="RW" reset_value="0" description="Priority of system handler 15, SysTick exception"/>
  </register>
  <register offset="0xD24" width="32" name="SCB_SHCSR" description="System Handler Control and State Register">
    <bit_field offset="0" width="1" name="MEMFAULTACT" access="RW" reset_value="0" description=""/>
    <bit_field offset="1" width="1" name="BUSFAULTACT" access="RW" reset_value="0" description=""/>
    <reserved_bit_field offset="2" width="1" reset_value="0"/>
    <bit_field offset="3" width="1" name="USGFAULTACT" access="RW" reset_value="0" description=""/>
    <reserved_bit_field offset="4" width="1" reset_value="0"/>
    <reserved_bit_field offset="5" width="1" reset_value="0"/>
    <reserved_bit_field offset="6" width="1" reset_value="0"/>
    <bit_field offset="7" width="1" name="SVCALLACT" access="RW" reset_value="0" description=""/>
    <bit_field offset="8" width="1" name="MONITORACT" access="RW" reset_value="0" description=""/>
    <reserved_bit_field offset="9" width="1" reset_value="0"/>
    <bit_field offset="10" width="1" name="PENDSVACT" access="RW" reset_value="0" description=""/>
    <bit_field offset="11" width="1" name="SYSTICKACT" access="RW" reset_value="0" description=""/>
    <bit_field offset="12" width="1" name="USGFAULTPENDED" access="RW" reset_value="0" description=""/>
    <bit_field offset="13" width="1" name="MEMFAULTPENDED" access="RW" reset_value="0" description=""/>
    <bit_field offset="14" width="1" name="BUSFAULTPENDED" access="RW" reset_value="0" description=""/>
    <bit_field offset="15" width="1" name="SVCALLPENDED" access="RW" reset_value="0" description=""/>
    <bit_field offset="16" width="1" name="MEMFAULTENA" access="RW" reset_value="0" description=""/>
    <bit_field offset="17" width="1" name="BUSFAULTENA" access="RW" reset_value="0" description=""/>
    <bit_field offset="18" width="1" name="USGFAULTENA" access="RW" reset_value="0" description=""/>
    <reserved_bit_field offset="19" width="1" reset_value="0"/>
    <reserved_bit_field offset="20" width="1" reset_value="0"/>
    <reserved_bit_field offset="21" width="1" reset_value="0"/>
    <reserved_bit_field offset="22" width="1" reset_value="0"/>
    <reserved_bit_field offset="23" width="1" reset_value="0"/>
    <reserved_bit_field offset="24" width="1" reset_value="0"/>
    <reserved_bit_field offset="25" width="1" reset_value="0"/>
    <reserved_bit_field offset="26" width="1" reset_value="0"/>
    <reserved_bit_field offset="27" width="1" reset_value="0"/>
    <reserved_bit_field offset="28" width="1" reset_value="0"/>
    <reserved_bit_field offset="29" width="1" reset_value="0"/>
    <reserved_bit_field offset="30" width="1" reset_value="0"/>
    <reserved_bit_field offset="31" width="1" reset_value="0"/>
  </register>
  <register offset="0xD28" width="32" name="SCB_CFSR" description="Configurable Fault Status Registers">
    <bit_field offset="0" width="1" name="IACCVIOL" access="RW" reset_value="0" description=""/>
    <bit_field offset="1" width="1" name="DACCVIOL" access="RW" reset_value="0" description=""/>
    <reserved_bit_field offset="2" width="1" reset_value="0"/>
    <bit_field offset="3" width="1" name="MUNSTKERR" access="RW" reset_value="0" description=""/>
    <bit_field offset="4" width="1" name="MSTKERR" access="RW" reset_value="0" description=""/>
    <bit_field offset="5" width="1" name="MLSPERR" access="RW" reset_value="0" description=""/>
    <reserved_bit_field offset="6" width="1" reset_value="0"/>
    <bit_field offset="7" width="1" name="MMARVALID" access="RW" reset_value="0" description=""/>
    <bit_field offset="8" width="1" name="IBUSERR" access="RW" reset_value="0" description=""/>
    <bit_field offset="9" width="1" name="PRECISERR" access="RW" reset_value="0" description=""/>
    <bit_field offset="10" width="1" name="IMPRECISERR" access="RW" reset_value="0" description=""/>
    <bit_field offset="11" width="1" name="UNSTKERR" access="RW" reset_value="0" description=""/>
    <bit_field offset="12" width="1" name="STKERR" access="RW" reset_value="0" description=""/>
    <bit_field offset="13" width="1" name="LSPERR" access="RW" reset_value="0" description=""/>
    <reserved_bit_field offset="14" width="1" reset_value="0"/>
    <bit_field offset="15" width="1" name="BFARVALID" access="RW" reset_value="0" description=""/>
    <bit_field offset="16" width="1" name="UNDEFINSTR" access="RW" reset_value="0" description=""/>
    <bit_field offset="17" width="1" name="INVSTATE" access="RW" reset_value="0" description=""/>
    <bit_field offset="18" width="1" name="INVPC" access="RW" reset_value="0" description=""/>
    <bit_field offset="19" width="1" name="NOCP" access="RW" reset_value="0" description=""/>
    <reserved_bit_field offset="20" width="1" reset_value="0"/>
    <reserved_bit_field offset="21" width="1" reset_value="0"/>
    <reserved_bit_field offset="22" width="1" reset_value="0"/>
    <reserved_bit_field offset="23" width="1" reset_value="0"/>
    <bit_field offset="24" width="1" name="UNALIGNED" access="RW" reset_value="0" description=""/>
    <bit_field offset="25" width="1" name="DIVBYZERO" access="RW" reset_value="0" description=""/>
    <reserved_bit_field offset="26" width="1" reset_value="0"/>
    <reserved_bit_field offset="27" width="1" reset_value="0"/>
    <reserved_bit_field offset="28" width="1" reset_value="0"/>
    <reserved_bit_field offset="29" width="1" reset_value="0"/>
    <reserved_bit_field offset="30" width="1" reset_value="0"/>
    <reserved_bit_field offset="31" width="1" reset_value="0"/>
  </register>
  <register offset="0xD2C" width="32" name="SCB_HFSR" description="HardFault Status register">
    <reserved_bit_field offset="0" width="1" reset_value="0"/>
    <bit_field offset="1" width="1" name="VECTTBL" access="RW" reset_value="0" description=""/>
    <reserved_bit_field offset="2" width="1" reset_value="0"/>
    <reserved_bit_field offset="3" width="1" reset_value="0"/>
    <reserved_bit_field offset="4" width="1" reset_value="0"/>
    <reserved_bit_field offset="5" width="1" reset_value="0"/>
    <reserved_bit_field offset="6" width="1" reset_value="0"/>
    <reserved_bit_field offset="7" width="1" reset_value="0"/>
    <reserved_bit_field offset="8" width="1" reset_value="0"/>
    <reserved_bit_field offset="9" width="1" reset_value="0"/>
    <reserved_bit_field offset="10" width="1" reset_value="0"/>
    <reserved_bit_field offset="11" width="1" reset_value="0"/>
    <reserved_bit_field offset="12" width="1" reset_value="0"/>
    <reserved_bit_field offset="13" width="1" reset_value="0"/>
    <reserved_bit_field offset="14" width="1" reset_value="0"/>
    <reserved_bit_field offset="15" width="1" reset_value="0"/>
    <reserved_bit_field offset="16" width="1" reset_value="0"/>
    <reserved_bit_field offset="17" width="1" reset_value="0"/>
    <reserved_bit_field offset="18" width="1" reset_value="0"/>
    <reserved_bit_field offset="19" width="1" reset_value="0"/>
    <reserved_bit_field offset="20" width="1" reset_value="0"/>
    <reserved_bit_field offset="21" width="1" reset_value="0"/>
    <reserved_bit_field offset="22" width="1" reset_value="0"/>
    <reserved_bit_field offset="23" width="1" reset_value="0"/>
    <reserved_bit_field offset="24" width="1" reset_value="0"/>
    <reserved_bit_field offset="25" width="1" reset_value="0"/>
    <reserved_bit_field offset="26" width="1" reset_value="0"/>
    <reserved_bit_field offset="27" width="1" reset_value="0"/>
    <reserved_bit_field offset="28" width="1" reset_value="0"/>
    <reserved_bit_field offset="29" width="1" reset_value="0"/>
    <bit_field offset="30" width="1" name="FORCED" access="RW" reset_value="0" description=""/>
    <bit_field offset="31" width="1" name="DEBUGEVT" access="RW" reset_value="0" description=""/>
  </register>
  <register offset="0xD30" width="32" name="SCB_DFSR" description="Debug Fault Status Register">
    <bit_field offset="0" width="1" name="HALTED" access="RW" reset_value="0" description=""/>
    <bit_field offset="1" width="1" name="BKPT" access="RW" reset_value="0" description=""/>
    <bit_field offset="2" width="1" name="DWTTRAP" access="RW" reset_value="0" description=""/>
    <bit_field offset="3" width="1" name="VCATCH" access="RW" reset_value="0" description=""/>
    <bit_field offset="4" width="1" name="EXTERNAL" access="RW" reset_value="0" description=""/>
    <reserved_bit_field offset="5" width="1" reset_value="0"/>
    <reserved_bit_field offset="6" width="1" reset_value="0"/>
    <reserved_bit_field offset="7" width="1" reset_value="0"/>
    <reserved_bit_field offset="8" width="1" reset_value="0"/>
    <reserved_bit_field offset="9" width="1" reset_value="0"/>
    <reserved_bit_field offset="10" width="1" reset_value="0"/>
    <reserved_bit_field offset="11" width="1" reset_value="0"/>
    <reserved_bit_field offset="12" width="1" reset_value="0"/>
    <reserved_bit_field offset="13" width="1" reset_value="0"/>
    <reserved_bit_field offset="14" width="1" reset_value="0"/>
    <reserved_bit_field offset="15" width="1" reset_value="0"/>
    <reserved_bit_field offset="16" width="1" reset_value="0"/>
    <reserved_bit_field offset="17" width="1" reset_value="0"/>
    <reserved_bit_field offset="18" width="1" reset_value="0"/>
    <reserved_bit_field offset="19" width="1" reset_value="0"/>
    <reserved_bit_field offset="20" width="1" reset_value="0"/>
    <reserved_bit_field offset="21" width="1" reset_value="0"/>
    <reserved_bit_field offset="22" width="1" reset_value="0"/>
    <reserved_bit_field offset="23" width="1" reset_value="0"/>
    <reserved_bit_field offset="24" width="1" reset_value="0"/>
    <reserved_bit_field offset="25" width="1" reset_value="0"/>
    <reserved_bit_field offset="26" width="1" reset_value="0"/>
    <reserved_bit_field offset="27" width="1" reset_value="0"/>
    <reserved_bit_field offset="28" width="1" reset_value="0"/>
    <reserved_bit_field offset="29" width="1" reset_value="0"/>
    <reserved_bit_field offset="30" width="1" reset_value="0"/>
    <reserved_bit_field offset="31" width="1" reset_value="0"/>
  </register>
  <register offset="0xD34" width="32" name="SCB_MMFAR" description="MemManage Address Register">
    <bit_field offset="0" width="32" name="ADDRESS" access="RW" reset_value="0" description="Address of MemManage fault location"/>
  </register>
  <register offset="0xD38" width="32" name="SCB_BFAR" description="BusFault Address Register">
    <bit_field offset="0" width="32" name="ADDRESS" access="RW" reset_value="0" description="Address of the BusFault location"/>
  </register>
  <register offset="0xD3C" width="32" name="SCB_AFSR" description="Auxiliary Fault Status Register">
    <bit_field offset="0" width="32" name="AUXFAULT" access="RW" reset_value="0" description="Latched version of the AUXFAULT inputs"/>
  </register>
  <register offset="0xD88" width="32" name="SCB_CPACR" description="Coprocessor Access Control Register">
    <reserved_bit_field offset="0" width="1" reset_value="0"/>
    <reserved_bit_field offset="1" width="1" reset_value="0"/>
    <reserved_bit_field offset="2" width="1" reset_value="0"/>
    <reserved_bit_field offset="3" width="1" reset_value="0"/>
    <reserved_bit_field offset="4" width="1" reset_value="0"/>
    <reserved_bit_field offset="5" width="1" reset_value="0"/>
    <reserved_bit_field offset="6" width="1" reset_value="0"/>
    <reserved_bit_field offset="7" width="1" reset_value="0"/>
    <reserved_bit_field offset="8" width="1" reset_value="0"/>
    <reserved_bit_field offset="9" width="1" reset_value="0"/>
    <reserved_bit_field offset="10" width="1" reset_value="0"/>
    <reserved_bit_field offset="11" width="1" reset_value="0"/>
    <reserved_bit_field offset="12" width="1" reset_value="0"/>
    <reserved_bit_field offset="13" width="1" reset_value="0"/>
    <reserved_bit_field offset="14" width="1" reset_value="0"/>
    <reserved_bit_field offset="15" width="1" reset_value="0"/>
    <reserved_bit_field offset="16" width="1" reset_value="0"/>
    <reserved_bit_field offset="17" width="1" reset_value="0"/>
    <reserved_bit_field offset="18" width="1" reset_value="0"/>
    <reserved_bit_field offset="19" width="1" reset_value="0"/>
    <bit_field offset="20" width="2" name="CP10" access="RW" reset_value="0" description="Access privileges for coprocessor 10."/>
    <bit_field offset="22" width="2" name="CP11" access="RW" reset_value="0" description="Access privileges for coprocessor 11."/>
    <reserved_bit_field offset="24" width="1" reset_value="0"/>
    <reserved_bit_field offset="25" width="1" reset_value="0"/>
    <reserved_bit_field offset="26" width="1" reset_value="0"/>
    <reserved_bit_field offset="27" width="1" reset_value="0"/>
    <reserved_bit_field offset="28" width="1" reset_value="0"/>
    <reserved_bit_field offset="29" width="1" reset_value="0"/>
    <reserved_bit_field offset="30" width="1" reset_value="0"/>
    <reserved_bit_field offset="31" width="1" reset_value="0"/>
  </register>
  <register offset="0xF34" width="32" name="SCB_FPCCR" description="Floating-point Context Control Register">
    <bit_field offset="0" width="1" name="LSPACT" access="RW" reset_value="0" description="Lazy state preservation."/>
    <bit_field offset="1" width="1" name="USER" access="RW" reset_value="0" description="Privilege level when the floating-point stack frame was allocated."/>
    <reserved_bit_field offset="2" width="1" reset_value="0"/>
    <bit_field offset="3" width="1" name="THREAD" access="RW" reset_value="0" description="Mode when the floating-point stack frame was allocated."/>
    <bit_field offset="4" width="1" name="HFRDY" access="RW" reset_value="0" description="Permission to set the HardFault handler to the pending state when the floating-point stack frame was allocated."/>
    <bit_field offset="5" width="1" name="MMRDY" access="RW" reset_value="0" description="Permission to set the MemManage handler to the pending state when the floating-point stack frame was allocated."/>
    <bit_field offset="6" width="1" name="BFRDY" access="RW" reset_value="0" description="Permission to set the BusFault handler to the pending state when the floating-point stack frame was allocated."/>
    <reserved_bit_field offset="7" width="1" reset_value="0"/>
    <bit_field offset="8" width="1" name="MONRDY" access="RW" reset_value="0" description="Permission to set the MON_PEND when the floating-point stack frame was allocated."/>
    <reserved_bit_field offset="9" width="21" reset_value="0"/>
    <bit_field offset="30" width="1" name="LSPEN" access="RW" reset_value="0x1" description="Lazy state preservation for floating-point context."/>
    <bit_field offset="31" width="1" name="ASPEN" access="RW" reset_value="0x1" description="Enables CONTROL2 setting on execution of a floating-point instruction. This results in automatic hardware state preservation and restoration, for floating-point context, on exception entry and exit."/>
  </register>
  <register offset="0xF38" width="32" name="SCB_FPCAR" description="Floating-point Context Address Register">
    <reserved_bit_field offset="0" width="3" reset_value="0" reset_mask="0"/>
    <bit_field offset="3" width="29" name="ADDRESS" access="RW" reset_value="0" reset_mask="0" description="The location of the unpopulated floating-point register space allocated on an exception stack frame."/>
  </register>
  <register offset="0xF3C" width="32" name="SCB_FPDSCR" description="Floating-point Default Status Control Register">
    <reserved_bit_field offset="0" width="22" reset_value="0"/>
    <bit_field offset="22" width="2" name="RMode" access="RW" reset_value="0" description="Default value for FPSCR.RMode (Rounding Mode control field)."/>
    <bit_field offset="24" width="1" name="FZ" access="RW" reset_value="0" description="Default value for FPSCR.FZ (Flush-to-zero mode control bit)."/>
    <bit_field offset="25" width="1" name="DN" access="RW" reset_value="0" description="Default value for FPSCR.DN (Default NaN mode control bit)."/>
    <bit_field offset="26" width="1" name="AHP" access="RW" reset_value="0" description="Default value for FPSCR.AHP (Alternative half-precision control bit)."/>
    <reserved_bit_field offset="27" width="5" reset_value="0"/>
  </register>
</regs:peripheral>